commentId,threadId,content,richContent,status,time,timeStr,needDisplayTime,likedCount,replyCount,liked,expressionUrl,parentCommentId,repliedMark,pendantData,pickInfo,commentLocationType,musicianSayAirborne,args,source,resourceSpecialType,commentVideoVO,contentResource,contentPicNosKey,contentPicUrl,grade,userBizLevels,userNameplates,owner,tail,hideSerialComments,hideSerialTips,topicList,privacy,medal,outShowComments,likeAnimationMap,bottomTags,airborneAction,reward,userTop,track,user-avatarDetail,user-commonIdentity,user-locationInfo,user-liveInfo,user-followed,user-vipRights,user-relationTag,user-anonym,user-encryptUserId,user-userId,user-userType,user-nickname,user-avatarUrl,user-authStatus,user-expertTags,user-experts,user-vipType,user-remarkName,user-isHug,user-socialUserId,user-target,extInfo-endpoint-CLIENT_TYPE,extInfo-endpoint-CHANNEL,extInfo-endpoint-CLIENT_BUILD_VERSION,extInfo-endpoint-OS_TYPE,extInfo-endpoint-USER_AGENT,extInfo-endpoint-CLIENT_VERSION,extInfo-endpoint-IP,extInfo-endpoint-CLIENT_VERSION_STR,extInfo-endpoint-CLIENT_SIGN,extInfo-endpoint-X_REMOTE_PORT,extInfo-endpoint-DEVICE_ID,extInfo-endpoint-OSVER,ipLocation-ip,ipLocation-location,ipLocation-userId,extInfo-endpoint-PROXY_IP
7439677969,R_SO_4_167827,æˆ‘æƒ¹ä½ äº†æ²¡[å‘æ€’],æˆ‘æƒ¹ä½ äº†æ²¡[å‘æ€’],0,2024-10-17 13:31:57,8åˆ†é’Ÿå‰,True,0,0,False,,7432793651,False,,,0,,,,,,,,,,,,False,,,,,2,,,,[],,,False,,,,,,False,,,0,01027D8135BC4093663777EBD018F4070AC6,1451340272,0,ä»Šé‡ç¼˜,http://p2.music.126.net/9YzRjhmM9KnEmdCjiwYjLg==/109951166953098105.jpg,0,,,11,,False,,,ANDROID,huawei1,241010202755,android,NeteaseMusic/9.1.78.241012181345(9001078);Dalvik/2.1.0 (Linux; U; Android 12; HBN-AL80 Build/HUAWEIHBN-AL80),9000001000078,140.207.167.130,9.1.78,android,55154,bnVsbAkwMjowMDowMDowMDowMDowMAk2M2FjODg4MTZmMGJkNzg5CTgwZWIxNzMxYjBkYzQ0ODk%3D,12,,ä¸Šæµ·,1451340272,
7439673382,R_SO_4_167827,æˆ‘åœ¨å¹²å˜›,,0,2024-10-17 13:15:46,24åˆ†é’Ÿå‰,True,0,0,False,,0,False,,,0,,,,,,"{'userId': None, 'userNickName': None, 'resourceId': 'a1DODVQ33I9WrJXWA', 'resourceName': None, 'resourceType': 4002, 'threadId': None, 'artists': [], 'title': '', 'subTitle': '', 'tag': '', 'coverUrl': '', 'url': None, 'shareUrl': None, 'contentUrl': None, 'duration': None}",,,,,,False,,,,"[{'id': '151944318', 'name': 'ä»Šæ—¥ä»½å¬æ­Œæ‰“å¡', 'icon': None, 'desc': '[]', 'target': 'orpheus://open?url1=orpheus%3A%2F%2Ftopic%2F151944318%3Fsource%3Dsong_comment&url2=https%3A%2F%2Fmusic.163.com%2Fm%2Factivity%2F%3Fsource%3Dsong_comment%26id%3D151944318', 'eventCount': 961755, 'pubGuide': False, 'pubGuideIcon': None, 'pubGuideText': None, 'pubGuideActionText': None}]",2,,,,[],,,False,,,,,,False,,,0,01002B1697869C5804A102E992A94B11A42D,3222067488,0,éœœé™_cac3,http://p2.music.126.net/9XP6OTCP-wLKMZq6AM8swQ==/109951166638731283.jpg,0,,,0,,False,,,IPHONE,distribution,5342,iphone,NeteaseMusic 9.1.60/5342 (iPhone; iOS 17.6.1; zh_CN),9000001000060,2409:8949:4350:84f:bc9d:94a0:592a:e844,9.1.60,iphone,49816,196293069e58606617f29c4a8323fdb0,17.6.1,,æ²³å—,3222067488,
7439664105,R_SO_4_167827,é™ç­‰10è¿˜åœ¨å¬ç´ é¢œçš„é‚£æ‰¹äºº[çº¦å®š],"é™ç­‰10è¿˜åœ¨å¬ç´ é¢œçš„é‚£æ‰¹äºº<c0m_cvt j=""%7B%22text%22%3A%22%5B%E7%BA%A6%E5%AE%9A%5D%22%2C%22type%22%3A%22emoji%22%2C%22width%22%3A594%2C%22height%22%3A150%2C%22pid%22%3A109951168110562771%7D""/>",0,2024-10-17 13:01:05,39åˆ†é’Ÿå‰,True,0,0,False,,0,False,,,0,,,,,,,,,,,,False,,,,,2,,,,[],,,False,,,,,,False,"{'associator': {'vipCode': 100, 'rights': True, 'iconUrl': 'https://p6.music.126.net/obj/wonDlsKUwrLClGjCm8Kx/32582187192/1052/507f/a9f6/37b6f5c7730daf96a992accb35092511.png'}, 'musicPackage': {'vipCode': 220, 'rights': True, 'iconUrl': 'https://p5.music.126.net/obj/wonDlsKUwrLClGjCm8Kx/21892874340/50e6/e81d/5292/2d693cbb98954e28d4d9fdb11be99a8b.png'}, 'redplus': None, 'redVipAnnualCount': 1, 'redVipLevel': 4, 'relationType': 0}",,0,01010DF92A984F27EDD18EDA22218FF2EBEB,7986065854,0,ç»™æˆ‘æ¥ä»½é»„æ²¹,http://p2.music.126.net/qH5GjnlSIq2O44DMdH_YgQ==/109951169892917262.jpg,0,,,11,,False,,,ANDROID,oppo1,241010202755,android,NeteaseMusic/9.1.78.241012181345(9001078);Dalvik/2.1.0 (Linux; U; Android 14; PGJM10 Build/UKQ1.230924.001),9000001000078,223.90.68.111,9.1.78,android,46107,bnVsbAkwMjowMDowMDowMDowMDowMAkyNzYzMzI3Y2E5NWQzMjE5CTdhYWE0YTZkODhhMjQwYjE%3D,14,,æ²³å—,7986065854,
7439658053,R_SO_4_167827,ä½ å¥½åƒå«æ¨èŠ¯è•Šæˆ‘å¿«è®°ä¸æ¸…äº†,ä½ å¥½åƒå«æ¨èŠ¯è•Šæˆ‘å¿«è®°ä¸æ¸…äº†,0,2024-10-17 12:47:34,52åˆ†é’Ÿå‰,True,0,0,False,,0,False,,,0,,,,,,,,,,,,False,,,,,2,,,,[],,,False,,,,,,False,"{'associator': None, 'musicPackage': None, 'redplus': None, 'redVipAnnualCount': -1, 'redVipLevel': 0, 'relationType': 0}",,0,01001F25D745A60263D2CF764D1DEB89C85F,4912228359,0,44å¾—å…­,http://p2.music.126.net/Ik8sHc2Ddzmdo_sRn5Hx2g==/109951169408714329.jpg,0,,,0,,False,,,ANDROID,oppo1,241010202755,android,NeteaseMusic/9.1.78.241010202755(9001078);Dalvik/2.1.0 (Linux; U; Android 14; RMX3800 Build/UKQ1.231108.001),9000001000078,182.38.64.225,9.1.78,android,7330,bnVsbAkwMjowMDowMDowMDowMDowMAkyNWQ2NjRkMmIzZjUwNTQ0CTRkODBlMDM1NmRiYjYxYmU%3D,14,,å±±ä¸œ,4912228359,
7439657897,R_SO_4_167827,æˆ‘ä¹Ÿæ˜¯ï¼è¿™ç§æ„Ÿè§‰çœŸçš„å¥½ç¾å¥½å•Š[å¤šå¤šå¤§å“­],æˆ‘ä¹Ÿæ˜¯ï¼è¿™ç§æ„Ÿè§‰çœŸçš„å¥½ç¾å¥½å•Š[å¤šå¤šå¤§å“­],0,2024-10-17 12:45:27,54åˆ†é’Ÿå‰,True,0,0,False,,7439200972,False,,,0,,,,,,,,,,,,False,,,,,2,,,,[],,,False,,,,,,False,,,0,01012149260A8EC20CC5B77390FAADD117CE,1441168975,0,ä¸­äºŒèŒæ–°_,http://p2.music.126.net/ZWZ8bmy9awncNzIlOZdanw==/109951163254697549.jpg,0,,,0,,False,,,IPHONE,distribution,5288,iphone,NeteaseMusic 9.1.50/5288 (iPhone; iOS 17.6.1; en_CN),9000001000050,127.0.0.1,9.1.50,iphone,53782,a66915137f231cc6bbef6f4cd867f00d,17.6.1,,æµ™æ±Ÿ,1441168975,
7439647773,R_SO_4_167827,ä¸­åˆï¼Ÿ,ä¸­åˆï¼Ÿ,0,2024-10-17 12:24:46,12:24,True,0,0,False,,7439259632,False,,,0,,,,,,,,,,,,False,,,,,2,,,,[],,,False,,,,,,False,"{'associator': None, 'musicPackage': None, 'redplus': None, 'redVipAnnualCount': -1, 'redVipLevel': 0, 'relationType': 0}",,0,010087BC5D2369AFBBC29A5460A1433F68FB,1477947081,0,ä½ å°±æ˜¯æ˜¯æˆ‘baby,http://p2.music.126.net/-1zPakT3GRHLXKv51FPJrA==/109951165130988839.jpg,0,,,0,,False,,,ANDROID,bubugao1,241016113757,android,NeteaseMusic/9.1.78.241016113757(9001078);Dalvik/2.1.0 (Linux; U; Android 12; V1986A Build/SP1A.210812.003),9000001000078,2409:8950:76b0:9840::1,9.1.78,android,46634,bnVsbAkwMjowMDowMDowMDowMDowMAlmYmQ3ZmU5ZTc5ZDAyNTk2CTU0ZjA0Nzc1MzNhNGI1ZGE%3D,12,,æ¹–å—,1477947081,
7439644897,R_SO_4_167827,æˆ‘åœ¨çš„ä¹–,æˆ‘åœ¨çš„ä¹–,0,2024-10-17 12:24:24,12:24,True,0,0,False,,7439398713,False,,,0,,,,,,,,,,,,False,,,,,2,,,,[],,,False,,,,,,False,"{'associator': None, 'musicPackage': None, 'redplus': None, 'redVipAnnualCount': -1, 'redVipLevel': 0, 'relationType': 0}",,0,010087BC5D2369AFBBC29A5460A1433F68FB,1477947081,0,ä½ å°±æ˜¯æ˜¯æˆ‘baby,http://p2.music.126.net/-1zPakT3GRHLXKv51FPJrA==/109951165130988839.jpg,0,,,0,,False,,,ANDROID,bubugao1,241016113757,android,NeteaseMusic/9.1.78.241016113757(9001078);Dalvik/2.1.0 (Linux; U; Android 12; V1986A Build/SP1A.210812.003),9000001000078,2409:8950:76b0:9840::1,9.1.78,android,46634,bnVsbAkwMjowMDowMDowMDowMDowMAlmYmQ3ZmU5ZTc5ZDAyNTk2CTU0ZjA0Nzc1MzNhNGI1ZGE%3D,12,,æ¹–å—,1477947081,
7439644195,R_SO_4_167827,å¥½åƒåœ¨è¯„è®ºåŒºğŸ‘€çœ‹åˆ°å¾ˆå¤šå€Ÿé’±è¯„è®ºäº† éš¾é“ä½ ä¸èƒ½è·Ÿçˆ¶æ¯oræœ‹å‹å€Ÿå—â“,å¥½åƒåœ¨è¯„è®ºåŒºğŸ‘€çœ‹åˆ°å¾ˆå¤šå€Ÿé’±è¯„è®ºäº† éš¾é“ä½ ä¸èƒ½è·Ÿçˆ¶æ¯oræœ‹å‹å€Ÿå—â“,0,2024-10-17 12:22:57,12:22,True,1,0,False,,7439619817,False,"{'id': 4147048, 'imageUrl': 'http://p1.music.126.net/t7z5jNtzbCXq5wYXGKgb5w==/109951169793443176.jpg'}",,0,,,,,,,,,,,,False,,,,,2,,,,[],,,False,,,,,,False,"{'associator': {'vipCode': 100, 'rights': True, 'iconUrl': 'https://p6.music.126.net/obj/wonDlsKUwrLClGjCm8Kx/32582186486/9f31/5cfe/207c/2846c11ce0bd05aae1754aed7e63ca58.png'}, 'musicPackage': {'vipCode': 220, 'rights': True, 'iconUrl': 'https://p5.music.126.net/obj/wonDlsKUwrLClGjCm8Kx/21892874340/50e6/e81d/5292/2d693cbb98954e28d4d9fdb11be99a8b.png'}, 'redplus': None, 'redVipAnnualCount': -1, 'redVipLevel': 1, 'relationType': 0}",,0,010137B00F10F7673B819C7A3FC50F36DB43,8408012746,0,é•¿ç¬›å¹å…‹è±å…¹æ¢…å°”,http://p2.music.126.net/SUeqMM8HOIpHv9Nhl9qt9w==/109951165647004069.jpg,0,,,11,,False,,,ANDROID,xiaomi,241016113757,android,NeteaseMusic/9.1.78.241016113757(9001078);Dalvik/2.1.0 (Linux; U; Android 14; 2312DRAABC Build/UP1A.231005.007),9000001000078,2409:8a5c:5cf0:6560:ee20:a687:f2a2:9309,9.1.78,android,52900,bnVsbAkwMjowMDowMDowMDowMDowMAlkNWU1ZDg2ZjVhNGE3YWI1CTg3ZTg2ZGRkYmQ1MzcxZDc%3D,14,,å¹¿è¥¿,8408012746,
7439632785,R_SO_4_167827,ä½ æŒ¡ä½äº†å…¨ä¸–ç•Œ ä¹Ÿå¿˜è®°äº†æˆ‘,ä½ æŒ¡ä½äº†å…¨ä¸–ç•Œ ä¹Ÿå¿˜è®°äº†æˆ‘,0,2024-10-17 11:52:01,11:52,True,0,0,False,,7439430374,False,,,0,,,,,,,,,,,,False,,,,,2,,,,[],,,False,,,,,,False,,,0,01006A9ABD206C51BC653333F3C5CACA5C65,1441068792,0,ä¹å¿è‡£-æœ”æ¼ ,http://p2.music.126.net/7nkrJNrF_HX73Rxt7J2heA==/109951163254855720.jpg,0,,,0,,False,,,ANDROID,xiaomi,241010202755,android,NeteaseMusic/9.1.78.241010202755(9001078);Dalvik/2.1.0 (Linux; U; Android 10; Redmi Note 8 Pro MIUI/V12.0.5.0.QGGCNXM),9000001000078,127.0.0.1,9.1.78,android,27037,CTJjOmQwOjY2OjdlOjJjOmMzCWNmMmZmZTAxZjlhYzdhMDEJZDIwMmRiZWU3MjNjZTU0Nw%3D%3D,10,,æµ™æ±Ÿ,1441068792,
7439619817,R_SO_4_167827,æ„Ÿå†’äº†å‘ç€çƒ§  èº«ä¸Šä¸€ç‚¹é’±éƒ½æ²¡æœ‰äº†  ä¸Šç­æ²¡å¤šä¹… å·¥èµ„ä¹Ÿè¿˜æ²¡åˆ°æ—¶é—´å‘   é¥¿äº†å¿«ä¸¤å¤©äº†  æœ‰äººèƒ½å¤Ÿç»™æ•‘ æµä¸€ä¸‹å˜›    å››åå°±å¥½äº†  ä¹°ç‚¹åƒçš„æŠŠè¿™ä¸¤å¤©æŒºè¿‡å»â€¦,,0,2024-10-17 11:12:16,11:12,True,0,1,False,,0,False,,,0,,,,,,,,,,,,False,,,,,2,,,,[],,,False,,,,,,False,"{'associator': None, 'musicPackage': None, 'redplus': None, 'redVipAnnualCount': -1, 'redVipLevel': 0, 'relationType': 0}",,0,0102EA222B5DBAB3AD55C13EC602452C7829,425143346,0,æŸ æª¬æ²¡ä½ èŒnli,http://p2.music.126.net/YN-cZqkIWDGYKyzktW3lMg==/109951170050396493.jpg,0,,,0,,False,,,IPHONE,distribution,5422,iphone,NeteaseMusic 9.1.78/5422 (iPhone; iOS 17.5.1; zh_CN),9000001000078,2409:8a6c:2746:c0c0:f532:4273:23a5:93f,9.1.78,iphone,63456,ccec111ef003de1b3f5e27254a0413fc,17.5.1,,äº‘å—,425143346,
7439617088,R_SO_4_167827,å»‰æ”¿,,0,2024-10-17 11:03:22,11:03,True,0,0,False,,7439610604,False,,,0,,,,,,,,,,,,False,,,,,2,,,,[],,,False,,,,,,False,"{'associator': {'vipCode': 100, 'rights': True, 'iconUrl': 'https://p5.music.126.net/obj/wonDlsKUwrLClGjCm8Kx/32582187196/ecde/1b79/d752/ec1b8f20854d06bba52ed022d28871d6.png'}, 'musicPackage': {'vipCode': 220, 'rights': True, 'iconUrl': 'https://p5.music.126.net/obj/wonDlsKUwrLClGjCm8Kx/21892874340/50e6/e81d/5292/2d693cbb98954e28d4d9fdb11be99a8b.png'}, 'redplus': None, 'redVipAnnualCount': -1, 'redVipLevel': 6, 'relationType': 0}",,0,01028B7584B944F66F931FE26349D6EB6A18,3932697743,0,-chercher,http://p2.music.126.net/Wux1Ek2gJM_-qzaD1iiToA==/109951167284676686.jpg,0,,,11,,False,,,IPHONE,distribution,5410,iphone,NeteaseMusic 9.1.70/5410 (iPhone; iOS 17.6.1; zh_CN),9000001000070,2408:845d:730:5570:6cc5:49a6:c44:1a80,9.1.70,iphone,55108,04014091f5cdd009979ea794d01a3a5d,17.6.1,,å¹¿è¥¿,3932697743,
7439610624,R_SO_4_167827,æˆ‘æ˜¯10æœˆ,æˆ‘æ˜¯10æœˆ,0,2024-10-17 10:33:07,10:33,True,0,0,False,,7439462229,False,"{'id': 4005, 'imageUrl': 'http://p1.music.126.net/qjvvGNTlcSloz4hnTQwCuw==/109951163313130373.jpg'}",,0,,,,,,,,,,,,False,,,,,2,,,,[],,,False,,,,,,False,"{'associator': {'vipCode': 100, 'rights': True, 'iconUrl': 'https://p6.music.126.net/obj/wonDlsKUwrLClGjCm8Kx/32582188099/3419/2b65/d241/bd664461c263a2dfdbf631bb9848ee3e.png'}, 'musicPackage': {'vipCode': 220, 'rights': True, 'iconUrl': 'https://p5.music.126.net/obj/wonDlsKUwrLClGjCm8Kx/21892874340/50e6/e81d/5292/2d693cbb98954e28d4d9fdb11be99a8b.png'}, 'redplus': {'vipCode': 300, 'rights': True, 'iconUrl': 'https://p6.music.126.net/obj/wonDlsKUwrLClGjCm8Kx/32582303786/0ba4/ba3f/118b/7d96166139da74ba6f02e7eaf911f3e1.png'}, 'redVipAnnualCount': -1, 'redVipLevel': 3, 'relationType': 0}",,0,0102BBC0EFC300B108175885905CAD96366F,3962827418,0,é©¬å»‰æ”¿,http://p2.music.126.net/Z0EqaWK1xeExoZPA8n5Pqw==/109951169690604395.jpg,0,,,11,,False,,,ANDROID,bubugao1,240531172529,android,NeteaseMusic/9.0.90.240531172529(9000090);Dalvik/2.1.0 (Linux; U; Android 14; V2339A Build/UP1A.231005.007),9000000000090,223.167.60.207,9.0.90,android,35008,bnVsbAkwMjowMDowMDowMDowMDowMAlhMWJkZjY5NWUyMTdlYzY3CTM5NWQ3ZTNlMTUwZjFkYmU%3D,14,,ä¸Šæµ·,3962827418,
7439610604,R_SO_4_167827,10æœˆå•¦ï¼Œæˆ‘è¿˜åœ¨å¬,10æœˆå•¦ï¼Œæˆ‘è¿˜åœ¨å¬,0,2024-10-17 10:32:39,10:32,True,1,1,False,,0,False,"{'id': 4005, 'imageUrl': 'http://p1.music.126.net/qjvvGNTlcSloz4hnTQwCuw==/109951163313130373.jpg'}",,0,,,,,,"{'userId': None, 'userNickName': None, 'resourceId': 'a1ZDomG1pckVEoQKW', 'resourceName': None, 'resourceType': 4002, 'threadId': None, 'artists': [], 'title': '', 'subTitle': '', 'tag': '', 'coverUrl': '', 'url': None, 'shareUrl': None, 'contentUrl': None, 'duration': None}",,,,,,False,,,,"[{'id': '149872334', 'name': 'è¿™é¦–æ­Œæœ‰æˆ‘çš„æ•…äº‹', 'icon': None, 'desc': '[]', 'target': 'orpheus://open?url1=orpheus%3A%2F%2Ftopic%2F149872334%3Fsource%3Dsong_comment&url2=https%3A%2F%2Fmusic.163.com%2Fm%2Factivity%2F%3Fsource%3Dsong_comment%26id%3D149872334', 'eventCount': 147035, 'pubGuide': False, 'pubGuideIcon': None, 'pubGuideText': None, 'pubGuideActionText': None}]",2,,,,[],,,False,,,,,,False,"{'associator': {'vipCode': 100, 'rights': True, 'iconUrl': 'https://p6.music.126.net/obj/wonDlsKUwrLClGjCm8Kx/32582188099/3419/2b65/d241/bd664461c263a2dfdbf631bb9848ee3e.png'}, 'musicPackage': {'vipCode': 220, 'rights': True, 'iconUrl': 'https://p5.music.126.net/obj/wonDlsKUwrLClGjCm8Kx/21892874340/50e6/e81d/5292/2d693cbb98954e28d4d9fdb11be99a8b.png'}, 'redplus': {'vipCode': 300, 'rights': True, 'iconUrl': 'https://p6.music.126.net/obj/wonDlsKUwrLClGjCm8Kx/32582303786/0ba4/ba3f/118b/7d96166139da74ba6f02e7eaf911f3e1.png'}, 'redVipAnnualCount': -1, 'redVipLevel': 3, 'relationType': 0}",,0,0102BBC0EFC300B108175885905CAD96366F,3962827418,0,é©¬å»‰æ”¿,http://p2.music.126.net/Z0EqaWK1xeExoZPA8n5Pqw==/109951169690604395.jpg,0,,,11,,False,,,ANDROID,bubugao1,240531172529,android,NeteaseMusic/9.0.90.240531172529(9000090);Dalvik/2.1.0 (Linux; U; Android 14; V2339A Build/UP1A.231005.007),9000000000090,223.167.60.207,9.0.90,android,35008,bnVsbAkwMjowMDowMDowMDowMDowMAlhMWJkZjY5NWUyMTdlYzY3CTM5NWQ3ZTNlMTUwZjFkYmU%3D,14,,ä¸Šæµ·,3962827418,
7439588076,R_SO_4_167827,99999,99999,0,2024-10-17 09:17:43,09:17,True,0,0,False,,3424966023,False,"{'id': 4171047, 'imageUrl': 'http://p1.music.126.net/cFu028id5vgn_4vtYtpznw==/109951169954162374.jpg'}",,0,,,,,,,,,,,,False,,,,,2,,,,[],,,False,,,,,,False,"{'associator': {'vipCode': 100, 'rights': True, 'iconUrl': 'https://p6.music.126.net/obj/wonDlsKUwrLClGjCm8Kx/32582188103/1854/6c02/1504/df5815d7c9784ad27e150a951f70ec39.png'}, 'musicPackage': {'vipCode': 220, 'rights': True, 'iconUrl': 'https://p5.music.126.net/obj/wonDlsKUwrLClGjCm8Kx/21892874340/50e6/e81d/5292/2d693cbb98954e28d4d9fdb11be99a8b.png'}, 'redplus': None, 'redVipAnnualCount': -1, 'redVipLevel': 2, 'relationType': 0}",,0,01016086AA8D50A7CA6F3B1987DAEAA612EB,3312857107,0,ä½•æ­¢ç´ å¶,http://p2.music.126.net/p4JfppVkWcnlpx_3isUd3g==/109951169635977825.jpg,0,,,11,,False,,,ANDROID,bubugao1,240904233638,android,NeteaseMusic/9.1.60.240904233638(9001060);Dalvik/2.1.0 (Linux; U; Android 14; V2227A Build/UP1A.231005.007),9000001000060,2409:8914:9e79:7e8d:c431:b5ff:fe05:82c4,9.1.60,android,48124,bnVsbAkwMjowMDowMDowMDowMDowMAkwYmZiODYzZjE4M2VmMThmCTU1OWRiYzAxMmI3YTE5NDY%3D,14,,è¾½å®,3312857107,
7439568020,R_SO_4_167827,å“ˆå“ˆå“ˆå“ˆå“ˆå“ˆ,,0,2024-10-17 07:48:18,07:48,True,0,0,False,,5981693431,False,,,0,,,,,,,,,,,,False,,,,,2,,,,[],,,False,,,,,,False,"{'associator': {'vipCode': 100, 'rights': True, 'iconUrl': 'https://p5.music.126.net/obj/wonDlsKUwrLClGjCm8Kx/32582187196/ecde/1b79/d752/ec1b8f20854d06bba52ed022d28871d6.png'}, 'musicPackage': {'vipCode': 220, 'rights': True, 'iconUrl': 'https://p5.music.126.net/obj/wonDlsKUwrLClGjCm8Kx/21892874340/50e6/e81d/5292/2d693cbb98954e28d4d9fdb11be99a8b.png'}, 'redplus': {'vipCode': 300, 'rights': True, 'iconUrl': 'https://p5.music.126.net/obj/wonDlsKUwrLClGjCm8Kx/32582302730/ad61/5fd7/b07e/256f9d72ab3372c84f89cbe19b5d4762.png'}, 'redVipAnnualCount': -1, 'redVipLevel': 6, 'relationType': 0}",,0,01002FC243D67D766917301B42A3050A47F0,367097445,0,æµ·åº•æ²¡æœ‰é²¨é±¼-,http://p2.music.126.net/rbQc_xJsQ0dvq8t0vS43Dw==/109951167948282471.jpg,0,,,11,,False,,,IPHONE,distribution,5422,iphone,NeteaseMusic 9.1.78/5422 (iPhone; iOS 17.3.1; zh_CN),9000001000078,172.105.171.249,9.1.78,iphone,47162,1fdc486c19bb10bd2f381a448a36e11e,17.3.1,,æ¾³å¤§åˆ©äºš,367097445,
7439569758,R_SO_4_167827,ä¸‰å¹´åçš„è¿ˆå·´èµ«è½¦ä¸»èµäº†æˆ‘,ä¸‰å¹´åçš„è¿ˆå·´èµ«è½¦ä¸»èµäº†æˆ‘,0,2024-10-17 07:43:02,07:43,True,1,0,False,,0,False,"{'id': 4006, 'imageUrl': 'http://p1.music.126.net/4PrIuleUh9-LN5-ul5_E0A==/109951163313131734.jpg'}",,0,,,,,,,,,,,,False,,,,,2,,,,[],,,False,,,,,,False,"{'associator': {'vipCode': 100, 'rights': True, 'iconUrl': 'https://p6.music.126.net/obj/wonDlsKUwrLClGjCm8Kx/32582188103/1854/6c02/1504/df5815d7c9784ad27e150a951f70ec39.png'}, 'musicPackage': {'vipCode': 220, 'rights': True, 'iconUrl': 'https://p5.music.126.net/obj/wonDlsKUwrLClGjCm8Kx/21892874340/50e6/e81d/5292/2d693cbb98954e28d4d9fdb11be99a8b.png'}, 'redplus': None, 'redVipAnnualCount': -1, 'redVipLevel': 2, 'relationType': 0}",,0,0102AC0CCE29786A0F4311D61333015F1459,8586632645,0,å‘†å‘†é»-l,http://p2.music.126.net/QVWCxnaC3xiW4QdyqjoR1g==/109951169917047911.jpg,0,,,11,,False,,,ANDROID,oppo1,241016113757,android,NeteaseMusic/9.1.78.241016113757(9001078);Dalvik/2.1.0 (Linux; U; Android 14; PJY110 Build/UP1A.230620.001),9000001000078,114.238.174.123,9.1.78,android,10059,bnVsbAkwMjowMDowMDowMDowMDowMAkyNDg2MzUyMjIxMDgwOWM3CWJmMjkyOGI5YWU1MDVmMTA%3D,14,,æ±Ÿè‹,8586632645,
7439562493,R_SO_4_167827,goæ‰¹show show way,goæ‰¹show show way,0,2024-10-17 06:53:46,06:53,True,0,0,False,,7439279777,False,"{'id': 1304040, 'imageUrl': 'http://p1.music.126.net/CeRqadnlyiCuFn8ffeIdkw==/109951169294534623.jpg'}",,0,,,,,,,,,,,,False,,,,,2,,,,[],,,False,,"{'userType': 4, 'identityLevel': 1, 'identityIconUrl': 'https://p5.music.126.net/obj/wo3DlcOGw6DClTvDisK1/4874132307/4499/f228/d867/da64b9725e125943ad4e14e4c72d0884.png'}",,,,False,"{'associator': {'vipCode': 100, 'rights': True, 'iconUrl': 'https://p6.music.126.net/obj/wonDlsKUwrLClGjCm8Kx/32582188100/ca7f/f3f7/f591/a142a567c050a4a860ee77765270db57.png'}, 'musicPackage': {'vipCode': 220, 'rights': True, 'iconUrl': 'https://p5.music.126.net/obj/wonDlsKUwrLClGjCm8Kx/21892874340/50e6/e81d/5292/2d693cbb98954e28d4d9fdb11be99a8b.png'}, 'redplus': None, 'redVipAnnualCount': 1, 'redVipLevel': 5, 'relationType': 0}",,0,01005537C0C8F98EE5E7005D799DC00DEF2F,6319764972,4,å‡›æ­Œ_Rinka,http://p2.music.126.net/vt718DauGuPdq3FgyHYNNQ==/109951168746701952.jpg,1,,,11,,False,,,ANDROID,netease,240401163218,android,NeteaseMusic/9.0.50.240401163218(9000050);Dalvik/2.1.0 (Linux; U; Android 11; Lenovo L70081 Build/RKQ1.201112.002),9000000000050,2408:8210:13:52a0:dccc:7aa9:4d78:caa0,9.0.50,android,37048,bnVsbAlhZTo5ZDpkMzozMDpmZjpkYQlhZDFmNGNlZGZiYTE1N2QwCWJiMGE3Mzc1OWJlZTM2OTI%3D,11,,å¤©æ´¥,6319764972,
7439532172,R_SO_4_167827,ä¸€å®šè¦äººå¤´è½åœ°å‘€ï¼Œå„ä½[æµæ³ª],ä¸€å®šè¦äººå¤´è½åœ°å‘€ï¼Œå„ä½[æµæ³ª],0,2024-10-17 02:14:15,02:14,True,2,0,False,,0,False,"{'id': 4000, 'imageUrl': 'http://p1.music.126.net/xE4CwIWXUkwvf-h9Jo5sQw==/109951163313111359.jpg'}",,0,,,,,,,,,,,,False,,,,,2,,,,[],,,False,,,,,,False,"{'associator': {'vipCode': 100, 'rights': True, 'iconUrl': 'https://p6.music.126.net/obj/wonDlsKUwrLClGjCm8Kx/32582185437/838c/3e35/26c7/1483dd70f2bbbf601f095dff56c603b8.png'}, 'musicPackage': {'vipCode': 220, 'rights': True, 'iconUrl': 'https://p5.music.126.net/obj/wonDlsKUwrLClGjCm8Kx/21892874340/50e6/e81d/5292/2d693cbb98954e28d4d9fdb11be99a8b.png'}, 'redplus': None, 'redVipAnnualCount': -1, 'redVipLevel': 7, 'relationType': 0}",,0,010283CCA3FBA32FFFB779E3F6D65C0A25C3,551682029,0,å“¦å“¦å“¦ç¥æ˜,http://p2.music.126.net/YTZUduUfyyKYQd_I0OIu7A==/109951169545332136.jpg,0,,,11,,False,,,ANDROID,xiaomi,241016113757,android,NeteaseMusic/9.1.78.241016113757(9001078);Dalvik/2.1.0 (Linux; U; Android 13; Mi 10 Build/TKQ1.221114.001),9000001000078,39.144.230.81,9.1.78,android,47477,bnVsbAk3YzoyYTpkYjo4ODo0NTo3Nwk2NTgyN2FmYWE0M2E2YmUxCTdlNjZjZGJkMWQ2Y2NhNjA%3D,13,,è´µå·,551682029,
7439531246,R_SO_4_167827,çœŸä¸æ˜¯å¤§ä¼™å­¤ç«‹ä½ ,çœŸä¸æ˜¯å¤§ä¼™å­¤ç«‹ä½ ,0,2024-10-17 02:11:56,02:11,True,0,0,False,,5563902181,False,"{'id': 4000, 'imageUrl': 'http://p1.music.126.net/xE4CwIWXUkwvf-h9Jo5sQw==/109951163313111359.jpg'}",,0,,,,,,,,,,,,False,,,,,2,,,,[],,,False,,,,,,False,"{'associator': {'vipCode': 100, 'rights': True, 'iconUrl': 'https://p6.music.126.net/obj/wonDlsKUwrLClGjCm8Kx/32582185437/838c/3e35/26c7/1483dd70f2bbbf601f095dff56c603b8.png'}, 'musicPackage': {'vipCode': 220, 'rights': True, 'iconUrl': 'https://p5.music.126.net/obj/wonDlsKUwrLClGjCm8Kx/21892874340/50e6/e81d/5292/2d693cbb98954e28d4d9fdb11be99a8b.png'}, 'redplus': None, 'redVipAnnualCount': -1, 'redVipLevel': 7, 'relationType': 0}",,0,010283CCA3FBA32FFFB779E3F6D65C0A25C3,551682029,0,å“¦å“¦å“¦ç¥æ˜,http://p2.music.126.net/YTZUduUfyyKYQd_I0OIu7A==/109951169545332136.jpg,0,,,11,,False,,,ANDROID,xiaomi,241016113757,android,NeteaseMusic/9.1.78.241016113757(9001078);Dalvik/2.1.0 (Linux; U; Android 13; Mi 10 Build/TKQ1.221114.001),9000001000078,39.144.230.81,9.1.78,android,47477,bnVsbAk3YzoyYTpkYjo4ODo0NTo3Nwk2NTgyN2FmYWE0M2E2YmUxCTdlNjZjZGJkMWQ2Y2NhNjA%3D,13,,è´µå·,551682029,
7439508691,R_SO_4_167827,æ€ä¹ˆç»™ä½ ,æ€ä¹ˆç»™ä½ ,0,2024-10-17 00:44:24,00:44,True,0,0,False,,7439462686,False,"{'id': 1101042, 'imageUrl': 'http://p1.music.126.net/2JRtEMLWrua_2I67F1r-MA==/109951165517832039.jpg'}",,0,,,,,,,,,,,,False,,,,,2,,,,[],,,False,,"{'userType': 207, 'identityLevel': 1, 'identityIconUrl': 'https://p5.music.126.net/obj/wo3DlcOGw6DClTvDisK1/4761340149/f4bf/64a1/1ea2/31a08617d7dfddb21fffdb92390ce268.png'}",,,,False,"{'associator': {'vipCode': 100, 'rights': True, 'iconUrl': 'https://p5.music.126.net/obj/wonDlsKUwrLClGjCm8Kx/32582187196/ecde/1b79/d752/ec1b8f20854d06bba52ed022d28871d6.png'}, 'musicPackage': {'vipCode': 220, 'rights': True, 'iconUrl': 'https://p5.music.126.net/obj/wonDlsKUwrLClGjCm8Kx/21892874340/50e6/e81d/5292/2d693cbb98954e28d4d9fdb11be99a8b.png'}, 'redplus': None, 'redVipAnnualCount': 1, 'redVipLevel': 6, 'relationType': 0}",,0,0100F9C0A353521A4520EF8966472BED3DF4,1752211440,207,ä¸€å­£èŠ±è½æ»¡å­£å¿§ä¼¤1902,http://p2.music.126.net/l5taoYzzTGxS0mQMsekkTA==/109951169343360993.jpg,0,,,11,,False,,,ANDROID,huawei1,241011143806,android,NeteaseMusic/9.1.71.241011143806(9001071);Dalvik/2.1.0 (Linux; U; Android 12; BRQ-AN00 Build/HUAWEIBRQ-AN00),9000001000071,240e:45d:c40:83dd:d1c4:809b:fb37:cda8,9.1.71,android,50270,bnVsbAljMjpjNDphNTo4NjpiMzo5OAkwNmI2NGI5MWNmNTRmYzZhCTJkOWM2ZGZjOTIyY2QzYmQ%3D,12,,æ¹–åŒ—,1752211440,
7439499602,R_SO_4_167827,æŒºæœ‰è€å¿ƒ[å¤§å“­],æŒºæœ‰è€å¿ƒ[å¤§å“­],0,2024-10-17 00:29:51,00:29,True,2,0,False,,7439462229,False,"{'id': 1329040, 'imageUrl': 'http://p1.music.126.net/zEOtWQYYTD-Pr8xzRStW8w==/109951169606208697.jpg'}",,0,,,,,,,,,,,,False,,,,,2,,,,[],,,False,,,,,,False,"{'associator': {'vipCode': 100, 'rights': True, 'iconUrl': 'https://p5.music.126.net/obj/wonDlsKUwrLClGjCm8Kx/32582187196/ecde/1b79/d752/ec1b8f20854d06bba52ed022d28871d6.png'}, 'musicPackage': {'vipCode': 220, 'rights': True, 'iconUrl': 'https://p5.music.126.net/obj/wonDlsKUwrLClGjCm8Kx/21892874340/50e6/e81d/5292/2d693cbb98954e28d4d9fdb11be99a8b.png'}, 'redplus': {'vipCode': 300, 'rights': True, 'iconUrl': 'https://p5.music.126.net/obj/wonDlsKUwrLClGjCm8Kx/32582302730/ad61/5fd7/b07e/256f9d72ab3372c84f89cbe19b5d4762.png'}, 'redVipAnnualCount': 1, 'redVipLevel': 6, 'relationType': 0}",,0,01013F183D91982A35A498247CC800A4D992,476497363,0,Richyang7,http://p2.music.126.net/8f836I87Agtc15pGNeFS8Q==/18762066418276189.jpg,0,,,11,,False,,,ANDROID,xiaomi,241010202755,android,NeteaseMusic/9.1.78.241012181345(9001078);Dalvik/2.1.0 (Linux; U; Android 14; 23116PN5BC Build/UKQ1.230804.001),9000001000078,121.35.1.16,9.1.78,android,9719,bnVsbAkwMjowMDowMDowMDowMDowMAlmYTM2MGZhNDQ2MzE3ZDcwCWNlZTViODFmM2JiNDg1ZjE%3D,14,,å¹¿ä¸œ,476497363,
7439462229,R_SO_4_167827,"å˜˜ æˆ‘åœ¨ç­‰2024å¹´9æœˆé‚£æ‰¹äººğŸ¤”
å˜˜ æˆ‘åœ¨ç­‰2024å¹´10æœˆé‚£æ‰¹äººğŸ¤”
å˜˜ æˆ‘åœ¨ç­‰2024å¹´11æœˆé‚£æ‰¹äººğŸ¤”
å˜˜ æˆ‘åœ¨ç­‰2024å¹´12æœˆé‚£æ‰¹äººğŸ¤”
å˜˜ æˆ‘åœ¨ç­‰2025å¹´1æœˆé‚£æ‰¹äººğŸ¤”
å˜˜ æˆ‘åœ¨ç­‰2025å¹´2æœˆé‚£æ‰¹äººğŸ¤”
å˜˜ æˆ‘åœ¨ç­‰2025å¹´3æœˆé‚£æ‰¹äººğŸ¤”
å˜˜ æˆ‘åœ¨ç­‰2025å¹´4æœˆé‚£æ‰¹äººğŸ¤”
å˜˜ æˆ‘åœ¨ç­‰2025å¹´5æœˆé‚£æ‰¹äººğŸ¤”
å˜˜ æˆ‘åœ¨ç­‰2025å¹´6æœˆé‚£æ‰¹äººğŸ¤”
å˜˜ æˆ‘åœ¨",,0,2024-10-16 23:31:18,æ˜¨å¤©23:31,True,3,2,False,,0,False,"{'id': 1324042, 'imageUrl': 'http://p1.music.126.net/NugzaBUjTB0Mvf8pS0DmkQ==/109951169621149418.jpg'}",,0,,,,,,,,,,,,False,,,,,2,,,,[],,,False,,,,,,False,"{'associator': {'vipCode': 100, 'rights': True, 'iconUrl': 'https://p6.music.126.net/obj/wonDlsKUwrLClGjCm8Kx/32582185437/838c/3e35/26c7/1483dd70f2bbbf601f095dff56c603b8.png'}, 'musicPackage': {'vipCode': 220, 'rights': True, 'iconUrl': 'https://p5.music.126.net/obj/wonDlsKUwrLClGjCm8Kx/21892874340/50e6/e81d/5292/2d693cbb98954e28d4d9fdb11be99a8b.png'}, 'redplus': None, 'redVipAnnualCount': 1, 'redVipLevel': 7, 'relationType': 0}",,0,010209C6E1F7C60716F926AE65FDA83E7C0D,246206498,0,IIXIXIXIX,http://p2.music.126.net/3-HhadB5k8YrdjwwHV1t4w==/109951163020321405.jpg,0,,,11,,False,,,IPHONE,distribution,5422,iphone,NeteaseMusic 9.1.78/5422 (iPhone; iOS 17.6; zh_CN),9000001000078,14.154.23.218,9.1.78,iphone,56870,8d0376eb1c23471aa8bbac1c226d85bf,17.6,,å¹¿ä¸œ,246206498,
7439431619,R_SO_4_167827,å°ä¹–å¯æƒœå¸¸é’æ ‘å¹¶ä¸é•¿æƒ….,å°ä¹–å¯æƒœå¸¸é’æ ‘å¹¶ä¸é•¿æƒ….,0,2024-10-16 22:36:38,æ˜¨å¤©22:36,True,1,0,False,,0,False,,,0,,,,,,,,,,,,False,,,,,2,,,,[],,,False,,,,,,False,,,0,010054592D06C7E36A5AD0DD5AA116685ABA,12566062614,0,XiaoxiaoèŒ¹_,http://p2.music.126.net/Pp0uH8aWlXOZqJVYRHtBcw==/109951170035977642.jpg,0,,,0,,False,,,ANDROID,xiaomi,241010202755,android,NeteaseMusic/9.1.78.241010202755(9001078);Dalvik/2.1.0 (Linux; U; Android 10; Redmi Note 8 Pro MIUI/V12.0.5.0.QGGCNXM),9000001000078,113.128.205.232,9.1.78,android,27037,CTJjOmQwOjY2OjdlOjJjOmMzCWNmMmZmZTAxZjlhYzdhMDEJZDIwMmRiZWU3MjNjZTU0Nw%3D%3D,10,,å±±ä¸œ,12566062614,
7439432549,R_SO_4_167827,æˆ‘å˜´ä¸Šè¯´ç€ç¿»ç¯‡ï¼Œå¯æ˜¯å´å·å·æŠ˜äº†ä¸ªè§’.,æˆ‘å˜´ä¸Šè¯´ç€ç¿»ç¯‡ï¼Œå¯æ˜¯å´å·å·æŠ˜äº†ä¸ªè§’.,0,2024-10-16 22:36:35,æ˜¨å¤©22:36,True,0,0,False,,0,False,,,0,,,,,,,,,,,,False,,,,,2,,,,[],,,False,,,,,,False,,,0,010054592D06C7E36A5AD0DD5AA116685ABA,12566062614,0,XiaoxiaoèŒ¹_,http://p2.music.126.net/Pp0uH8aWlXOZqJVYRHtBcw==/109951170035977642.jpg,0,,,0,,False,,,ANDROID,xiaomi,241010202755,android,NeteaseMusic/9.1.78.241010202755(9001078);Dalvik/2.1.0 (Linux; U; Android 10; Redmi Note 8 Pro MIUI/V12.0.5.0.QGGCNXM),9000001000078,113.128.205.232,9.1.78,android,27037,CTJjOmQwOjY2OjdlOjJjOmMzCWNmMmZmZTAxZjlhYzdhMDEJZDIwMmRiZWU3MjNjZTU0Nw%3D%3D,10,,å±±ä¸œ,12566062614,
7439430583,R_SO_4_167827,æ”¹ä¸æ‰çš„æ€§æ ¼æ³¨å®šè®©æˆ‘å¤±å»å¾ˆå¤šä¸œè¥¿.,æ”¹ä¸æ‰çš„æ€§æ ¼æ³¨å®šè®©æˆ‘å¤±å»å¾ˆå¤šä¸œè¥¿.,0,2024-10-16 22:36:04,æ˜¨å¤©22:36,True,0,0,False,,0,False,,,0,,,,,,,,,,,,False,,,,,2,,,,[],,,False,,,,,,False,,,0,010054592D06C7E36A5AD0DD5AA116685ABA,12566062614,0,XiaoxiaoèŒ¹_,http://p2.music.126.net/Pp0uH8aWlXOZqJVYRHtBcw==/109951170035977642.jpg,0,,,0,,False,,,ANDROID,xiaomi,241010202755,android,NeteaseMusic/9.1.78.241010202755(9001078);Dalvik/2.1.0 (Linux; U; Android 10; Redmi Note 8 Pro MIUI/V12.0.5.0.QGGCNXM),9000001000078,113.128.205.232,9.1.78,android,27037,CTJjOmQwOjY2OjdlOjJjOmMzCWNmMmZmZTAxZjlhYzdhMDEJZDIwMmRiZWU3MjNjZTU0Nw%3D%3D,10,,å±±ä¸œ,12566062614,
7439428752,R_SO_4_167827,æˆ‘æ˜¯éº»æœ¨çš„ ä½†æ˜¯å’Œä½ é›¶ç¢çš„å›å¿†éƒ½å¯ä»¥æŠ¹æ€æˆ‘.,æˆ‘æ˜¯éº»æœ¨çš„ ä½†æ˜¯å’Œä½ é›¶ç¢çš„å›å¿†éƒ½å¯ä»¥æŠ¹æ€æˆ‘.,0,2024-10-16 22:35:53,æ˜¨å¤©22:35,True,0,0,False,,0,False,,,0,,,,,,,,,,,,False,,,,,2,,,,[],,,False,,,,,,False,,,0,010054592D06C7E36A5AD0DD5AA116685ABA,12566062614,0,XiaoxiaoèŒ¹_,http://p2.music.126.net/Pp0uH8aWlXOZqJVYRHtBcw==/109951170035977642.jpg,0,,,0,,False,,,ANDROID,xiaomi,241010202755,android,NeteaseMusic/9.1.78.241010202755(9001078);Dalvik/2.1.0 (Linux; U; Android 10; Redmi Note 8 Pro MIUI/V12.0.5.0.QGGCNXM),9000001000078,113.128.205.232,9.1.78,android,27037,CTJjOmQwOjY2OjdlOjJjOmMzCWNmMmZmZTAxZjlhYzdhMDEJZDIwMmRiZWU3MjNjZTU0Nw%3D%3D,10,,å±±ä¸œ,12566062614,
7439429840,R_SO_4_167827,æˆ‘ä»¬æ›¾å½»å¤œé•¿è°ˆ å¦‚ä»Šå´æ²¡æœºä¼šäº’é“æ™šå®‰.,æˆ‘ä»¬æ›¾å½»å¤œé•¿è°ˆ å¦‚ä»Šå´æ²¡æœºä¼šäº’é“æ™šå®‰.,0,2024-10-16 22:35:48,æ˜¨å¤©22:35,True,0,0,False,,0,False,,,0,,,,,,,,,,,,False,,,,,2,,,,[],,,False,,,,,,False,,,0,010054592D06C7E36A5AD0DD5AA116685ABA,12566062614,0,XiaoxiaoèŒ¹_,http://p2.music.126.net/Pp0uH8aWlXOZqJVYRHtBcw==/109951170035977642.jpg,0,,,0,,False,,,ANDROID,xiaomi,241010202755,android,NeteaseMusic/9.1.78.241010202755(9001078);Dalvik/2.1.0 (Linux; U; Android 10; Redmi Note 8 Pro MIUI/V12.0.5.0.QGGCNXM),9000001000078,113.128.205.232,9.1.78,android,27037,CTJjOmQwOjY2OjdlOjJjOmMzCWNmMmZmZTAxZjlhYzdhMDEJZDIwMmRiZWU3MjNjZTU0Nw%3D%3D,10,,å±±ä¸œ,12566062614,
7439432477,R_SO_4_167827,æ—¶é—´ä¼šè¯æ˜æˆ‘ä¼šä¸ºäº†ä¸€ä¸ªäººä¸€ç›´ä¸€ä¸ªäºº.,æ—¶é—´ä¼šè¯æ˜æˆ‘ä¼šä¸ºäº†ä¸€ä¸ªäººä¸€ç›´ä¸€ä¸ªäºº.,0,2024-10-16 22:35:43,æ˜¨å¤©22:35,True,0,0,False,,0,False,,,0,,,,,,,,,,,,False,,,,,2,,,,[],,,False,,,,,,False,,,0,010054592D06C7E36A5AD0DD5AA116685ABA,12566062614,0,XiaoxiaoèŒ¹_,http://p2.music.126.net/Pp0uH8aWlXOZqJVYRHtBcw==/109951170035977642.jpg,0,,,0,,False,,,ANDROID,xiaomi,241010202755,android,NeteaseMusic/9.1.78.241010202755(9001078);Dalvik/2.1.0 (Linux; U; Android 10; Redmi Note 8 Pro MIUI/V12.0.5.0.QGGCNXM),9000001000078,113.128.205.232,9.1.78,android,27037,CTJjOmQwOjY2OjdlOjJjOmMzCWNmMmZmZTAxZjlhYzdhMDEJZDIwMmRiZWU3MjNjZTU0Nw%3D%3D,10,,å±±ä¸œ,12566062614,
7439427895,R_SO_4_167827,å’Œå¥½ä¸äº†é‚£æˆ‘å®æ„¿æ´»åœ¨å›å¿†é‡Œ.,å’Œå¥½ä¸äº†é‚£æˆ‘å®æ„¿æ´»åœ¨å›å¿†é‡Œ.,0,2024-10-16 22:35:20,æ˜¨å¤©22:35,True,0,0,False,,0,False,,,0,,,,,,,,,,,,False,,,,,2,,,,[],,,False,,,,,,False,,,0,010054592D06C7E36A5AD0DD5AA116685ABA,12566062614,0,XiaoxiaoèŒ¹_,http://p2.music.126.net/Pp0uH8aWlXOZqJVYRHtBcw==/109951170035977642.jpg,0,,,0,,False,,,ANDROID,xiaomi,241010202755,android,NeteaseMusic/9.1.78.241010202755(9001078);Dalvik/2.1.0 (Linux; U; Android 10; Redmi Note 8 Pro MIUI/V12.0.5.0.QGGCNXM),9000001000078,113.128.205.232,9.1.78,android,27037,CTJjOmQwOjY2OjdlOjJjOmMzCWNmMmZmZTAxZjlhYzdhMDEJZDIwMmRiZWU3MjNjZTU0Nw%3D%3D,10,,å±±ä¸œ,12566062614,
7439431480,R_SO_4_167827,å…¶å®æˆ‘ä¸æƒ³å’Œä½ åˆ†å¼€çš„  åªæ˜¯ä¸çŸ¥é“æ€ä¹ˆæŒ½å›.,å…¶å®æˆ‘ä¸æƒ³å’Œä½ åˆ†å¼€çš„  åªæ˜¯ä¸çŸ¥é“æ€ä¹ˆæŒ½å›.,0,2024-10-16 22:35:15,æ˜¨å¤©22:35,True,0,0,False,,0,False,,,0,,,,,,,,,,,,False,,,,,2,,,,[],,,False,,,,,,False,,,0,010054592D06C7E36A5AD0DD5AA116685ABA,12566062614,0,XiaoxiaoèŒ¹_,http://p2.music.126.net/Pp0uH8aWlXOZqJVYRHtBcw==/109951170035977642.jpg,0,,,0,,False,,,ANDROID,xiaomi,241010202755,android,NeteaseMusic/9.1.78.241010202755(9001078);Dalvik/2.1.0 (Linux; U; Android 10; Redmi Note 8 Pro MIUI/V12.0.5.0.QGGCNXM),9000001000078,113.128.205.232,9.1.78,android,27037,CTJjOmQwOjY2OjdlOjJjOmMzCWNmMmZmZTAxZjlhYzdhMDEJZDIwMmRiZWU3MjNjZTU0Nw%3D%3D,10,,å±±ä¸œ,12566062614,
7439432425,R_SO_4_167827,å¹¸ç¦åœ¨ç¬¬å‡ é¡µæˆ‘æ‰¾ä¸åˆ°ç­”æ¡ˆ.,å¹¸ç¦åœ¨ç¬¬å‡ é¡µæˆ‘æ‰¾ä¸åˆ°ç­”æ¡ˆ.,0,2024-10-16 22:35:09,æ˜¨å¤©22:35,True,0,0,False,,0,False,,,0,,,,,,,,,,,,False,,,,,2,,,,[],,,False,,,,,,False,,,0,010054592D06C7E36A5AD0DD5AA116685ABA,12566062614,0,XiaoxiaoèŒ¹_,http://p2.music.126.net/Pp0uH8aWlXOZqJVYRHtBcw==/109951170035977642.jpg,0,,,0,,False,,,ANDROID,xiaomi,241010202755,android,NeteaseMusic/9.1.78.241010202755(9001078);Dalvik/2.1.0 (Linux; U; Android 10; Redmi Note 8 Pro MIUI/V12.0.5.0.QGGCNXM),9000001000078,113.128.205.232,9.1.78,android,27037,CTJjOmQwOjY2OjdlOjJjOmMzCWNmMmZmZTAxZjlhYzdhMDEJZDIwMmRiZWU3MjNjZTU0Nw%3D%3D,10,,å±±ä¸œ,12566062614,
7439428677,R_SO_4_167827,æˆ‘å®æ„¿ä¸€èº«çƒŸå‘³ä¹Ÿä¸æ„¿æ„æ»¡çœ¼æ³ªæ°´.,æˆ‘å®æ„¿ä¸€èº«çƒŸå‘³ä¹Ÿä¸æ„¿æ„æ»¡çœ¼æ³ªæ°´.,0,2024-10-16 22:35:03,æ˜¨å¤©22:35,True,0,0,False,,0,False,,,0,,,,,,,,,,,,False,,,,,2,,,,[],,,False,,,,,,False,,,0,010054592D06C7E36A5AD0DD5AA116685ABA,12566062614,0,XiaoxiaoèŒ¹_,http://p2.music.126.net/Pp0uH8aWlXOZqJVYRHtBcw==/109951170035977642.jpg,0,,,0,,False,,,ANDROID,xiaomi,241010202755,android,NeteaseMusic/9.1.78.241010202755(9001078);Dalvik/2.1.0 (Linux; U; Android 10; Redmi Note 8 Pro MIUI/V12.0.5.0.QGGCNXM),9000001000078,113.128.205.232,9.1.78,android,27037,CTJjOmQwOjY2OjdlOjJjOmMzCWNmMmZmZTAxZjlhYzdhMDEJZDIwMmRiZWU3MjNjZTU0Nw%3D%3D,10,,å±±ä¸œ,12566062614,
7439429748,R_SO_4_167827,ä¸æƒ³äº‰äº† åªæƒ³é”€å£°åŒ¿è¿¹å¥½å¥½ç”Ÿæ´».,ä¸æƒ³äº‰äº† åªæƒ³é”€å£°åŒ¿è¿¹å¥½å¥½ç”Ÿæ´».,0,2024-10-16 22:34:58,æ˜¨å¤©22:34,True,0,0,False,,0,False,,,0,,,,,,,,,,,,False,,,,,2,,,,[],,,False,,,,,,False,,,0,010054592D06C7E36A5AD0DD5AA116685ABA,12566062614,0,XiaoxiaoèŒ¹_,http://p2.music.126.net/Pp0uH8aWlXOZqJVYRHtBcw==/109951170035977642.jpg,0,,,0,,False,,,ANDROID,xiaomi,241010202755,android,NeteaseMusic/9.1.78.241010202755(9001078);Dalvik/2.1.0 (Linux; U; Android 10; Redmi Note 8 Pro MIUI/V12.0.5.0.QGGCNXM),9000001000078,113.128.205.232,9.1.78,android,27037,CTJjOmQwOjY2OjdlOjJjOmMzCWNmMmZmZTAxZjlhYzdhMDEJZDIwMmRiZWU3MjNjZTU0Nw%3D%3D,10,,å±±ä¸œ,12566062614,
7439427805,R_SO_4_167827,å¹¸ç¦æ¨¡ç³Šçš„åƒé›¾æ°” æ— æ³•è§¦æ‘¸ä¹Ÿä¸å¤å­˜åœ¨.,å¹¸ç¦æ¨¡ç³Šçš„åƒé›¾æ°” æ— æ³•è§¦æ‘¸ä¹Ÿä¸å¤å­˜åœ¨.,0,2024-10-16 22:34:29,æ˜¨å¤©22:34,True,0,0,False,,0,False,,,0,,,,,,,,,,,,False,,,,,2,,,,[],,,False,,,,,,False,,,0,010054592D06C7E36A5AD0DD5AA116685ABA,12566062614,0,XiaoxiaoèŒ¹_,http://p2.music.126.net/Pp0uH8aWlXOZqJVYRHtBcw==/109951170035977642.jpg,0,,,0,,False,,,ANDROID,xiaomi,241010202755,android,NeteaseMusic/9.1.78.241010202755(9001078);Dalvik/2.1.0 (Linux; U; Android 10; Redmi Note 8 Pro MIUI/V12.0.5.0.QGGCNXM),9000001000078,113.128.205.232,9.1.78,android,27037,CTJjOmQwOjY2OjdlOjJjOmMzCWNmMmZmZTAxZjlhYzdhMDEJZDIwMmRiZWU3MjNjZTU0Nw%3D%3D,10,,å±±ä¸œ,12566062614,
7439430374,R_SO_4_167827,æŒ¡ä½ä¸€åˆ‡  æ”¾ä¸‹ä¸€åˆ‡  å†æ¥çˆ±æˆ‘.,æŒ¡ä½ä¸€åˆ‡  æ”¾ä¸‹ä¸€åˆ‡  å†æ¥çˆ±æˆ‘.,0,2024-10-16 22:34:22,æ˜¨å¤©22:34,True,0,1,False,,0,False,,,0,,,,,,,,,,,,False,,,,,2,,,,[],,,False,,,,,,False,,,0,010054592D06C7E36A5AD0DD5AA116685ABA,12566062614,0,XiaoxiaoèŒ¹_,http://p2.music.126.net/Pp0uH8aWlXOZqJVYRHtBcw==/109951170035977642.jpg,0,,,0,,False,,,ANDROID,xiaomi,241010202755,android,NeteaseMusic/9.1.78.241010202755(9001078);Dalvik/2.1.0 (Linux; U; Android 10; Redmi Note 8 Pro MIUI/V12.0.5.0.QGGCNXM),9000001000078,113.128.205.232,9.1.78,android,27037,CTJjOmQwOjY2OjdlOjJjOmMzCWNmMmZmZTAxZjlhYzdhMDEJZDIwMmRiZWU3MjNjZTU0Nw%3D%3D,10,,å±±ä¸œ,12566062614,
7439430367,R_SO_4_167827,æ€»è¯´æ— æ‰€è°“ å¤œé‡Œå“­çš„äººå°±ä¸ä¼šæ˜¯ä½ äº†.,æ€»è¯´æ— æ‰€è°“ å¤œé‡Œå“­çš„äººå°±ä¸ä¼šæ˜¯ä½ äº†.,0,2024-10-16 22:34:18,æ˜¨å¤©22:34,True,0,0,False,,0,False,,,0,,,,,,,,,,,,False,,,,,2,,,,[],,,False,,,,,,False,,,0,010054592D06C7E36A5AD0DD5AA116685ABA,12566062614,0,XiaoxiaoèŒ¹_,http://p2.music.126.net/Pp0uH8aWlXOZqJVYRHtBcw==/109951170035977642.jpg,0,,,0,,False,,,ANDROID,xiaomi,241010202755,android,NeteaseMusic/9.1.78.241010202755(9001078);Dalvik/2.1.0 (Linux; U; Android 10; Redmi Note 8 Pro MIUI/V12.0.5.0.QGGCNXM),9000001000078,113.128.205.232,9.1.78,android,27037,CTJjOmQwOjY2OjdlOjJjOmMzCWNmMmZmZTAxZjlhYzdhMDEJZDIwMmRiZWU3MjNjZTU0Nw%3D%3D,10,,å±±ä¸œ,12566062614,
7439431371,R_SO_4_167827,çœŸçš„å¾ˆå¿™å—ï¼Ÿ çœŸçš„çœ‹ä¸åˆ°ä¸€æ¡æ¶ˆæ¯å—ï¼Ÿ,çœŸçš„å¾ˆå¿™å—ï¼Ÿ çœŸçš„çœ‹ä¸åˆ°ä¸€æ¡æ¶ˆæ¯å—ï¼Ÿ,0,2024-10-16 22:34:12,æ˜¨å¤©22:34,True,0,0,False,,0,False,,,0,,,,,,,,,,,,False,,,,,2,,,,[],,,False,,,,,,False,,,0,010054592D06C7E36A5AD0DD5AA116685ABA,12566062614,0,XiaoxiaoèŒ¹_,http://p2.music.126.net/Pp0uH8aWlXOZqJVYRHtBcw==/109951170035977642.jpg,0,,,0,,False,,,ANDROID,xiaomi,241010202755,android,NeteaseMusic/9.1.78.241010202755(9001078);Dalvik/2.1.0 (Linux; U; Android 10; Redmi Note 8 Pro MIUI/V12.0.5.0.QGGCNXM),9000001000078,113.128.205.232,9.1.78,android,27037,CTJjOmQwOjY2OjdlOjJjOmMzCWNmMmZmZTAxZjlhYzdhMDEJZDIwMmRiZWU3MjNjZTU0Nw%3D%3D,10,,å±±ä¸œ,12566062614,
7439427766,R_SO_4_167827,ç›¯ç€æˆ‘å’Œä½ çš„èŠå¤©æ¡†å¿ƒé…¸åˆæ— åŠ©.,ç›¯ç€æˆ‘å’Œä½ çš„èŠå¤©æ¡†å¿ƒé…¸åˆæ— åŠ©.,0,2024-10-16 22:34:07,æ˜¨å¤©22:34,True,0,0,False,,0,False,,,0,,,,,,,,,,,,False,,,,,2,,,,[],,,False,,,,,,False,,,0,010054592D06C7E36A5AD0DD5AA116685ABA,12566062614,0,XiaoxiaoèŒ¹_,http://p2.music.126.net/Pp0uH8aWlXOZqJVYRHtBcw==/109951170035977642.jpg,0,,,0,,False,,,ANDROID,xiaomi,241010202755,android,NeteaseMusic/9.1.78.241010202755(9001078);Dalvik/2.1.0 (Linux; U; Android 10; Redmi Note 8 Pro MIUI/V12.0.5.0.QGGCNXM),9000001000078,113.128.205.232,9.1.78,android,27037,CTJjOmQwOjY2OjdlOjJjOmMzCWNmMmZmZTAxZjlhYzdhMDEJZDIwMmRiZWU3MjNjZTU0Nw%3D%3D,10,,å±±ä¸œ,12566062614,
7439428583,R_SO_4_167827,æˆ‘èººåœ¨æ—¶é—´çš„ç¢ç‰‡é‡Œ æ–Ÿé…Œç€æˆ‘ä»¬çš„æ›¾ç».,æˆ‘èººåœ¨æ—¶é—´çš„ç¢ç‰‡é‡Œ æ–Ÿé…Œç€æˆ‘ä»¬çš„æ›¾ç».,0,2024-10-16 22:33:59,æ˜¨å¤©22:33,True,0,0,False,,0,False,,,0,,,,,,,,,,,,False,,,,,2,,,,[],,,False,,,,,,False,,,0,010054592D06C7E36A5AD0DD5AA116685ABA,12566062614,0,XiaoxiaoèŒ¹_,http://p2.music.126.net/Pp0uH8aWlXOZqJVYRHtBcw==/109951170035977642.jpg,0,,,0,,False,,,ANDROID,xiaomi,241010202755,android,NeteaseMusic/9.1.78.241010202755(9001078);Dalvik/2.1.0 (Linux; U; Android 10; Redmi Note 8 Pro MIUI/V12.0.5.0.QGGCNXM),9000001000078,113.128.205.232,9.1.78,android,27037,CTJjOmQwOjY2OjdlOjJjOmMzCWNmMmZmZTAxZjlhYzdhMDEJZDIwMmRiZWU3MjNjZTU0Nw%3D%3D,10,,å±±ä¸œ,12566062614,
7439431289,R_SO_4_167827,æ€ç»ªæ‹‰å›å»å¹´å†¬  é©¬ä¸Šåˆæ˜¯ä¸€å¹´å†¬.,æ€ç»ªæ‹‰å›å»å¹´å†¬  é©¬ä¸Šåˆæ˜¯ä¸€å¹´å†¬.,0,2024-10-16 22:33:28,æ˜¨å¤©22:33,True,0,0,False,,0,False,,,0,,,,,,,,,,,,False,,,,,2,,,,[],,,False,,,,,,False,,,0,010054592D06C7E36A5AD0DD5AA116685ABA,12566062614,0,XiaoxiaoèŒ¹_,http://p2.music.126.net/Pp0uH8aWlXOZqJVYRHtBcw==/109951170035977642.jpg,0,,,0,,False,,,ANDROID,xiaomi,241010202755,android,NeteaseMusic/9.1.78.241010202755(9001078);Dalvik/2.1.0 (Linux; U; Android 10; Redmi Note 8 Pro MIUI/V12.0.5.0.QGGCNXM),9000001000078,113.128.205.232,9.1.78,android,27037,CTJjOmQwOjY2OjdlOjJjOmMzCWNmMmZmZTAxZjlhYzdhMDEJZDIwMmRiZWU3MjNjZTU0Nw%3D%3D,10,,å±±ä¸œ,12566062614,
7439429563,R_SO_4_167827,ä¸¢æ‰åˆæ€æ · ä¸æ˜¯æˆ‘çš„æ°¸è¿œéƒ½ä¸æ˜¯.,ä¸¢æ‰åˆæ€æ · ä¸æ˜¯æˆ‘çš„æ°¸è¿œéƒ½ä¸æ˜¯.,0,2024-10-16 22:33:08,æ˜¨å¤©22:33,True,0,0,False,,0,False,,,0,,,,,,,,,,,,False,,,,,2,,,,[],,,False,,,,,,False,,,0,010054592D06C7E36A5AD0DD5AA116685ABA,12566062614,0,XiaoxiaoèŒ¹_,http://p2.music.126.net/Pp0uH8aWlXOZqJVYRHtBcw==/109951170035977642.jpg,0,,,0,,False,,,ANDROID,xiaomi,241010202755,android,NeteaseMusic/9.1.78.241010202755(9001078);Dalvik/2.1.0 (Linux; U; Android 10; Redmi Note 8 Pro MIUI/V12.0.5.0.QGGCNXM),9000001000078,113.128.205.232,9.1.78,android,27037,CTJjOmQwOjY2OjdlOjJjOmMzCWNmMmZmZTAxZjlhYzdhMDEJZDIwMmRiZWU3MjNjZTU0Nw%3D%3D,10,,å±±ä¸œ,12566062614,
7439424942,R_SO_4_167827,å¤ªç³Ÿç³•äº†  é‚£å°±å†è§å•¦,,0,2024-10-16 22:30:41,æ˜¨å¤©22:30,True,2,0,False,,0,False,,,0,,,,,,,,,,,,False,,,,,2,,,,[],,,False,,,,,,False,"{'associator': None, 'musicPackage': None, 'redplus': None, 'redVipAnnualCount': -1, 'redVipLevel': 0, 'relationType': 0}",,0,01001CADC208AEEC12CC1BBD44FB80042FE8,5203243683,0,åƒé¥­ç”¨ç›†äºš,http://p2.music.126.net/_h-ikQrn7U-CWkzagh3v0w==/109951170042533735.jpg,0,,,0,,False,,,IPHONE,distribution,4376,iphone,NeteaseMusic 8.10.51/4376 (iPhone; iOS 16.5; zh_CN),8000010000051,2409:8929:b8b:31:f5d3:fa07:88f6:c297,8.10.51,iphone,53170,4327f9972e0e72a0e28194bd604db958,16.5,,æµ™æ±Ÿ,5203243683,
7439409729,R_SO_4_167827,åŠ æ²¹,åŠ æ²¹,0,2024-10-16 22:05:18,æ˜¨å¤©22:05,True,0,0,False,,0,False,,,0,,,,,,,,,,,,False,,,,,2,,,,[],,,False,,,,,,False,,,0,010274A6AA9E51809E2B016AFAF7E30D1347,6351271019,0,ç”¨æˆ·2114509484,http://p2.music.126.net/SUeqMM8HOIpHv9Nhl9qt9w==/109951165647004069.jpg,0,,,0,,False,,,ANDROID,xiaomi,241012181345,android,NeteaseMusic/9.1.78.241012181345(9001078);Dalvik/2.1.0 (Linux; U; Android 9; Redmi Note 8 Pro MIUI/V11.0.3.0.PGGCNXM),9000001000078,113.17.40.128,9.1.78,android,26403,ODYwMjEzMDQwNTU4NTY5CTI4OjE2OjdmOjNlOmU2OjZjCWU1YjM2NDg1YTdlNWYxNzAJMDU4MjdjYjc5MDdmZGQyMA%3D%3D,9,,å¹¿è¥¿,6351271019,
7439407045,R_SO_4_167827,åŠ æ²¹,åŠ æ²¹,0,2024-10-16 22:04:26,æ˜¨å¤©22:04,True,0,0,False,,0,False,,,0,,,,,,,,,,,,False,,,,,2,,,,[],,,False,,,,,,False,,,0,010274A6AA9E51809E2B016AFAF7E30D1347,6351271019,0,ç”¨æˆ·2114509484,http://p2.music.126.net/SUeqMM8HOIpHv9Nhl9qt9w==/109951165647004069.jpg,0,,,0,,False,,,ANDROID,xiaomi,241012181345,android,NeteaseMusic/9.1.78.241012181345(9001078);Dalvik/2.1.0 (Linux; U; Android 9; Redmi Note 8 Pro MIUI/V11.0.3.0.PGGCNXM),9000001000078,113.17.40.128,9.1.78,android,26403,ODYwMjEzMDQwNTU4NTY5CTI4OjE2OjdmOjNlOmU2OjZjCWU1YjM2NDg1YTdlNWYxNzAJMDU4MjdjYjc5MDdmZGQyMA%3D%3D,9,,å¹¿è¥¿,6351271019,
7439406202,R_SO_4_167827,åŠ æ²¹,åŠ æ²¹,0,2024-10-16 22:04:12,æ˜¨å¤©22:04,True,0,0,False,,5717369198,False,,,0,,,,,,,,,,,,False,,,,,2,,,,[],,,False,,,,,,False,,,0,010274A6AA9E51809E2B016AFAF7E30D1347,6351271019,0,ç”¨æˆ·2114509484,http://p2.music.126.net/SUeqMM8HOIpHv9Nhl9qt9w==/109951165647004069.jpg,0,,,0,,False,,,ANDROID,xiaomi,241012181345,android,NeteaseMusic/9.1.78.241012181345(9001078);Dalvik/2.1.0 (Linux; U; Android 9; Redmi Note 8 Pro MIUI/V11.0.3.0.PGGCNXM),9000001000078,113.17.40.128,9.1.78,android,26403,ODYwMjEzMDQwNTU4NTY5CTI4OjE2OjdmOjNlOmU2OjZjCWU1YjM2NDg1YTdlNWYxNzAJMDU4MjdjYjc5MDdmZGQyMA%3D%3D,9,,å¹¿è¥¿,6351271019,
7439398713,R_SO_4_167827,æˆ‘åœ¨ç­‰åæœˆä»½å¬è¿™é¦–æ­Œçš„äºº,,0,2024-10-16 21:58:02,æ˜¨å¤©21:58,True,0,1,False,,0,False,"{'id': 4002, 'imageUrl': 'http://p1.music.126.net/yMXwThrlR-9EB8m-xCwJTQ==/109951163313135573.jpg'}",,0,,,,,,,,,,,,False,,,,,2,,,,[],,,False,,,,,,False,"{'associator': {'vipCode': 100, 'rights': True, 'iconUrl': 'https://p6.music.126.net/obj/wonDlsKUwrLClGjCm8Kx/32582188103/1854/6c02/1504/df5815d7c9784ad27e150a951f70ec39.png'}, 'musicPackage': {'vipCode': 220, 'rights': True, 'iconUrl': 'https://p5.music.126.net/obj/wonDlsKUwrLClGjCm8Kx/21892874340/50e6/e81d/5292/2d693cbb98954e28d4d9fdb11be99a8b.png'}, 'redplus': None, 'redVipAnnualCount': -1, 'redVipLevel': 2, 'relationType': 0}",,0,010106AADD35CFFDF7507FA0DE91730689D1,6316992202,0,å°å™Š,http://p2.music.126.net/yNTcWv1pMiUnQ8_MeTG3yQ==/109951169870435808.jpg,0,,,11,,False,,,IPHONE,distribution,5422,iphone,NeteaseMusic 9.1.78/5422 (iPhone; iOS 17.6.1; zh_CN),9000001000078,112.51.131.247,9.1.78,iphone,3125,d1cfd539118ac42ff8a70f98e6879633,17.6.1,,ç¦å»º,6316992202,
7439303527,R_SO_4_167827,å¥¹æ˜¯éª—å­ã€‚ã€‚,,0,2024-10-16 21:25:54,æ˜¨å¤©21:25,True,0,0,False,,7439226306,False,,,0,,,,,,,,,,,,False,,,,,2,,,,[],,,False,,,,,,False,,,0,01020BCE632BB3BE7BF2556CDDFC4FAD0D11,12339740030,0,ä¸€èŒ¶èŒ¶èŒ¶èŒ¶èŒ¶,http://p2.music.126.net/vaP8V4uyHHiL3PbfP6QDmQ==/109951170035997322.jpg,0,,,0,,False,,,IPHONE,distribution,5422,iphone,NeteaseMusic 9.1.78/5422 (iPad; iPadOS 17.6.1; zh_CN),9000001000078,2408:8214:b59:4970:34e3:29de:4142:55d6,9.1.78,iphone,52993,0deabee8b774659e4e5cca5ea679180e,17.6.1,,å±±ä¸œ,12339740030,
7439303499,R_SO_4_167827,éª—å¦‚éª—å“ˆ,,0,2024-10-16 21:25:38,æ˜¨å¤©21:25,True,0,0,False,,7439226306,False,,,0,,,,,,,,,,,,False,,,,,2,,,,[],,,False,,,,,,False,,,0,01020BCE632BB3BE7BF2556CDDFC4FAD0D11,12339740030,0,ä¸€èŒ¶èŒ¶èŒ¶èŒ¶èŒ¶,http://p2.music.126.net/vaP8V4uyHHiL3PbfP6QDmQ==/109951170035997322.jpg,0,,,0,,False,,,IPHONE,distribution,5422,iphone,NeteaseMusic 9.1.78/5422 (iPad; iPadOS 17.6.1; zh_CN),9000001000078,2408:8214:b59:4970:34e3:29de:4142:55d6,9.1.78,iphone,52993,0deabee8b774659e4e5cca5ea679180e,17.6.1,,å±±ä¸œ,12339740030,
7439295505,R_SO_4_167827,å‰å‡ºå»ï¼Œæˆ‘çœ‹å¾—å’Œç§‘å¹»ç‰‡ä¸€æ ·,,0,2024-10-16 21:11:59,æ˜¨å¤©21:11,True,0,0,False,,5563902181,False,,,0,,,,,,,,,,,,False,,,,,2,,,,[],,,False,,,,,,False,"{'associator': None, 'musicPackage': None, 'redplus': None, 'redVipAnnualCount': -1, 'redVipLevel': 0, 'relationType': 0}",,0,0102B17E099BE54C7BC70D4E404CA23D2F36,9205943735,0,æœ¨æ˜Ÿå¹³å’Œæš—æ½®,http://p2.music.126.net/SUeqMM8HOIpHv9Nhl9qt9w==/109951165647004069.jpg,0,,,0,,False,,,IPHONE,distribution,5238,iphone,NeteaseMusic 9.1.42/5238 (iPhone; iOS 14.4; zh_CN),9000001000042,183.209.1.146,9.1.42,iphone,2534,98e58d1d4f8ae936999505c313939779,14.4,,æ±Ÿè‹,9205943735,
7439290643,R_SO_4_167827,è¯´è¯´ä½ çš„æ•…äº‹,è¯´è¯´ä½ çš„æ•…äº‹,0,2024-10-16 21:06:38,æ˜¨å¤©21:06,True,0,0,False,,0,False,,,0,,,,,,,,,,,,False,,,,,2,,,,[],,,False,,,,,,False,"{'associator': None, 'musicPackage': None, 'redplus': None, 'redVipAnnualCount': -1, 'redVipLevel': 0, 'relationType': 0}",,0,010087BC5D2369AFBBC29A5460A1433F68FB,1477947081,0,ä½ å°±æ˜¯æ˜¯æˆ‘baby,http://p2.music.126.net/-1zPakT3GRHLXKv51FPJrA==/109951165130988839.jpg,0,,,0,,False,,,ANDROID,bubugao1,241010202755,android,NeteaseMusic/9.1.78.241012181345(9001078);Dalvik/2.1.0 (Linux; U; Android 12; V1986A Build/SP1A.210812.003),9000001000078,116.162.64.229,9.1.78,android,48373,bnVsbAkwMjowMDowMDowMDowMDowMAlmYmQ3ZmU5ZTc5ZDAyNTk2CTU0ZjA0Nzc1MzNhNGI1ZGE%3D,12,,æ¹–å—,1477947081,
7439290567,R_SO_4_167827,å·²ç»è¿‡å»3ä¸ªæœˆäº†å—,å·²ç»è¿‡å»3ä¸ªæœˆäº†å—,0,2024-10-16 21:05:50,æ˜¨å¤©21:05,True,0,0,False,,7370212481,False,,,0,,,,,,,,,,,,False,,,,,2,,,,[],,,False,,,,,,False,"{'associator': None, 'musicPackage': None, 'redplus': None, 'redVipAnnualCount': -1, 'redVipLevel': 0, 'relationType': 0}",,0,010087BC5D2369AFBBC29A5460A1433F68FB,1477947081,0,ä½ å°±æ˜¯æ˜¯æˆ‘baby,http://p2.music.126.net/-1zPakT3GRHLXKv51FPJrA==/109951165130988839.jpg,0,,,0,,False,,,ANDROID,bubugao1,241010202755,android,NeteaseMusic/9.1.78.241012181345(9001078);Dalvik/2.1.0 (Linux; U; Android 12; V1986A Build/SP1A.210812.003),9000001000078,116.162.64.229,9.1.78,android,48373,bnVsbAkwMjowMDowMDowMDowMDowMAlmYmQ3ZmU5ZTc5ZDAyNTk2CTU0ZjA0Nzc1MzNhNGI1ZGE%3D,12,,æ¹–å—,1477947081,
7439281890,R_SO_4_167827,æ¨èç¬¬ä¸€å¥è¯„è®ºå¯ä»¥,æ¨èç¬¬ä¸€å¥è¯„è®ºå¯ä»¥,0,2024-10-16 20:55:10,æ˜¨å¤©20:55,True,0,0,False,,7387911713,False,,,0,,,,,,,,,,,,False,,,,,2,,,,[],,,False,,,,,,False,"{'associator': None, 'musicPackage': None, 'redplus': None, 'redVipAnnualCount': -1, 'redVipLevel': 0, 'relationType': 0}",,0,010087BC5D2369AFBBC29A5460A1433F68FB,1477947081,0,ä½ å°±æ˜¯æ˜¯æˆ‘baby,http://p2.music.126.net/-1zPakT3GRHLXKv51FPJrA==/109951165130988839.jpg,0,,,0,,False,,,ANDROID,bubugao1,241010202755,android,NeteaseMusic/9.1.78.241012181345(9001078);Dalvik/2.1.0 (Linux; U; Android 12; V1986A Build/SP1A.210812.003),9000001000078,116.162.64.229,9.1.78,android,7295,bnVsbAkwMjowMDowMDowMDowMDowMAlmYmQ3ZmU5ZTc5ZDAyNTk2CTU0ZjA0Nzc1MzNhNGI1ZGE%3D,12,,æ¹–å—,1477947081,
7439279777,R_SO_4_167827,åƒç¦»å©šé˜”å¤ªå¤ªä¸€æ ·è€¶ï½,åƒç¦»å©šé˜”å¤ªå¤ªä¸€æ ·è€¶ï½,0,2024-10-16 20:48:11,æ˜¨å¤©20:48,True,1,1,False,,0,False,,,0,,,,,,"{'userId': None, 'userNickName': None, 'resourceId': 'a1D1678Vks9Wr9E61', 'resourceName': None, 'resourceType': 4002, 'threadId': None, 'artists': [], 'title': '', 'subTitle': '', 'tag': '', 'coverUrl': '', 'url': None, 'shareUrl': None, 'contentUrl': None, 'duration': None}",,,,,,False,,,,"[{'id': '151944318', 'name': 'ä»Šæ—¥ä»½å¬æ­Œæ‰“å¡', 'icon': None, 'desc': '[]', 'target': 'orpheus://open?url1=orpheus%3A%2F%2Ftopic%2F151944318%3Fsource%3Dsong_comment&url2=https%3A%2F%2Fmusic.163.com%2Fm%2Factivity%2F%3Fsource%3Dsong_comment%26id%3D151944318', 'eventCount': 961755, 'pubGuide': False, 'pubGuideIcon': None, 'pubGuideText': None, 'pubGuideActionText': None}]",2,,,,[],,,False,,,,,,False,"{'associator': {'vipCode': 100, 'rights': True, 'iconUrl': 'https://p6.music.126.net/obj/wonDlsKUwrLClGjCm8Kx/32582188100/ca7f/f3f7/f591/a142a567c050a4a860ee77765270db57.png'}, 'musicPackage': {'vipCode': 220, 'rights': True, 'iconUrl': 'https://p5.music.126.net/obj/wonDlsKUwrLClGjCm8Kx/21892874340/50e6/e81d/5292/2d693cbb98954e28d4d9fdb11be99a8b.png'}, 'redplus': None, 'redVipAnnualCount': -1, 'redVipLevel': 5, 'relationType': 0}",,0,0100CC7209A4DAD31F8967BD0A919388A2A7,1546659765,0,ç’ƒæ²¢_0yWA,http://p2.music.126.net/Gi-os-a7Psug4_PYNUj02g==/109951168056851547.jpg,0,,,11,,False,,,ANDROID,oppo1,241016113757,android,NeteaseMusic/9.1.78.241016113757(9001078);Dalvik/2.1.0 (Linux; U; Android 14; PGIM10 Build/UKQ1.230924.001),9000001000078,120.238.101.248,9.1.78,android,29993,bnVsbAkwMjowMDowMDowMDowMDowMAk2NTk4OTE0YzJlMTY3NzkwCTdhZTU0MGIzZjIxMWY1YTY%3D,14,,å¹¿ä¸œ,1546659765,
7439267838,R_SO_4_167827,ä¹…å¬ä¸è…»[è‰²],,0,2024-10-16 20:28:43,æ˜¨å¤©20:28,True,0,0,False,,0,False,"{'id': 1281040, 'imageUrl': 'http://p1.music.126.net/n-8wnZRb1EgBpzBLHORKFA==/109951169040734478.jpg'}",,0,,,,,,,,,,,,False,,,,,2,,,,[],,,False,,,,,,False,"{'associator': {'vipCode': 100, 'rights': True, 'iconUrl': 'https://p6.music.126.net/obj/wonDlsKUwrLClGjCm8Kx/32582185437/838c/3e35/26c7/1483dd70f2bbbf601f095dff56c603b8.png'}, 'musicPackage': {'vipCode': 220, 'rights': True, 'iconUrl': 'https://p5.music.126.net/obj/wonDlsKUwrLClGjCm8Kx/21892874340/50e6/e81d/5292/2d693cbb98954e28d4d9fdb11be99a8b.png'}, 'redplus': {'vipCode': 300, 'rights': True, 'iconUrl': 'https://p5.music.126.net/obj/wonDlsKUwrLClGjCm8Kx/32582305307/8bab/f0f1/ba3f/3f574fb88acef4c7e5bc441d2f12fd5b.png'}, 'redVipAnnualCount': 1, 'redVipLevel': 7, 'relationType': 0}",,0,010295EB4AF909654422D9AA972AD8B9FCEB,1819594049,0,å…³å°æœ•ä»€ä¹ˆäº‹å“ˆ,http://p2.music.126.net/gfi3hoUEkyh_W0I0t3-HUQ==/109951169789067413.jpg,0,,,11,,False,,,IPHONE,distribution,5410,iphone,NeteaseMusic 9.1.70/5410 (iPhone; iOS 17.7; zh_CN),9000001000070,240e:47c:80:90b7:50ee:d49c:bc30:1a76,9.1.70,iphone,62313,6e316def0eaf0ecdb4b0c14fab354751,17.7,,å¹¿ä¸œ,1819594049,
7439259632,R_SO_4_167827,åœ¨å¹²å˜›å‘¢å‘€,åœ¨å¹²å˜›å‘¢å‘€,0,2024-10-16 20:12:58,æ˜¨å¤©20:12,True,0,1,False,,0,False,,,0,,,,,,,,,,,,False,,,,,2,,,,[],,,False,,,,,,False,"{'associator': None, 'musicPackage': None, 'redplus': None, 'redVipAnnualCount': -1, 'redVipLevel': 0, 'relationType': 0}",,0,010087BC5D2369AFBBC29A5460A1433F68FB,1477947081,0,ä½ å°±æ˜¯æ˜¯æˆ‘baby,http://p2.music.126.net/-1zPakT3GRHLXKv51FPJrA==/109951165130988839.jpg,0,,,0,,False,,,ANDROID,bubugao1,241010202755,android,NeteaseMusic/9.1.78.241012181345(9001078);Dalvik/2.1.0 (Linux; U; Android 12; V1986A Build/SP1A.210812.003),9000001000078,116.162.64.229,9.1.78,android,63725,bnVsbAkwMjowMDowMDowMDowMDowMAlmYmQ3ZmU5ZTc5ZDAyNTk2CTU0ZjA0Nzc1MzNhNGI1ZGE%3D,12,,æ¹–å—,1477947081,
7439258682,R_SO_4_167827,ä¸€åªçš®å¡ä¸˜åœ¨å¹²å˜›,ä¸€åªçš®å¡ä¸˜åœ¨å¹²å˜›,0,2024-10-16 20:12:49,æ˜¨å¤©20:12,True,0,0,False,,0,False,,,0,,,,,,,,,,,,False,,,,,2,,,,[],,,False,,,,,,False,"{'associator': None, 'musicPackage': None, 'redplus': None, 'redVipAnnualCount': -1, 'redVipLevel': 0, 'relationType': 0}",,0,010087BC5D2369AFBBC29A5460A1433F68FB,1477947081,0,ä½ å°±æ˜¯æ˜¯æˆ‘baby,http://p2.music.126.net/-1zPakT3GRHLXKv51FPJrA==/109951165130988839.jpg,0,,,0,,False,,,ANDROID,bubugao1,241010202755,android,NeteaseMusic/9.1.78.241012181345(9001078);Dalvik/2.1.0 (Linux; U; Android 12; V1986A Build/SP1A.210812.003),9000001000078,116.162.64.229,9.1.78,android,63725,bnVsbAkwMjowMDowMDowMDowMDowMAlmYmQ3ZmU5ZTc5ZDAyNTk2CTU0ZjA0Nzc1MzNhNGI1ZGE%3D,12,,æ¹–å—,1477947081,
7439259604,R_SO_4_167827,æˆ‘æ¥å•¦åˆæ˜¯ä¸€ä¸ªå®‰é™çš„æ™šä¸Šèµ°èµ·,æˆ‘æ¥å•¦åˆæ˜¯ä¸€ä¸ªå®‰é™çš„æ™šä¸Šèµ°èµ·,0,2024-10-16 20:12:39,æ˜¨å¤©20:12,True,0,0,False,,0,False,,,0,,,,,,,,,,,,False,,,,,2,,,,[],,,False,,,,,,False,"{'associator': None, 'musicPackage': None, 'redplus': None, 'redVipAnnualCount': -1, 'redVipLevel': 0, 'relationType': 0}",,0,010087BC5D2369AFBBC29A5460A1433F68FB,1477947081,0,ä½ å°±æ˜¯æ˜¯æˆ‘baby,http://p2.music.126.net/-1zPakT3GRHLXKv51FPJrA==/109951165130988839.jpg,0,,,0,,False,,,ANDROID,bubugao1,241010202755,android,NeteaseMusic/9.1.78.241012181345(9001078);Dalvik/2.1.0 (Linux; U; Android 12; V1986A Build/SP1A.210812.003),9000001000078,116.162.64.229,9.1.78,android,63725,bnVsbAkwMjowMDowMDowMDowMDowMAlmYmQ3ZmU5ZTc5ZDAyNTk2CTU0ZjA0Nzc1MzNhNGI1ZGE%3D,12,,æ¹–å—,1477947081,
7439254945,R_SO_4_167827,n'b,,0,2024-10-16 20:08:00,æ˜¨å¤©20:08,True,0,0,False,,7439221809,False,"{'id': 1284040, 'imageUrl': 'http://p1.music.126.net/QLhNlFCPtt7pgtgxCZ7Vcw==/109951169042146427.jpg'}",,0,,,,,,,,,,,,False,,,,,2,,,,[],,,False,,,,,,False,"{'associator': {'vipCode': 100, 'rights': True, 'iconUrl': 'https://p5.music.126.net/obj/wonDlsKUwrLClGjCm8Kx/32582187196/ecde/1b79/d752/ec1b8f20854d06bba52ed022d28871d6.png'}, 'musicPackage': {'vipCode': 220, 'rights': True, 'iconUrl': 'https://p5.music.126.net/obj/wonDlsKUwrLClGjCm8Kx/21892874340/50e6/e81d/5292/2d693cbb98954e28d4d9fdb11be99a8b.png'}, 'redplus': None, 'redVipAnnualCount': -1, 'redVipLevel': 6, 'relationType': 0}",,0,0100EE616C8DD70B653E0CA32CB64A739016,4886440593,0,ç™½æ—¥æ¢¦_kf,http://p2.music.126.net/2iMdeXo1zR4IROzkKphsUg==/109951168515140810.jpg,0,,,11,,False,,,PC,netease,,pc,"Mozilla/5.0 (Windows NT 10.0; WOW64) AppleWebKit/537.36 (KHTML, like Gecko) Safari/537.36 Chrome/91.0.4472.164 NeteaseMusicDesktop/3.0.17.203079",3000000000017,39.153.142.250,3.0.17.203079,pc,41274,C6CA84A075112573CD9571BD8C1AFA14FE10D843D81399002EBA,Microsoft-Windows-10--build-16299-64bit,,å†…è’™å¤,4886440593,
7439246767,R_SO_4_167827,æ€ä¹ˆè½¬ç»™ä½ ï¼Ÿ,,0,2024-10-16 19:54:49,æ˜¨å¤©19:54,True,0,0,False,,7439212274,False,,,0,,,,,,,,,,,,False,,,,,2,,,,[],,,False,,,,,,False,"{'associator': {'vipCode': 100, 'rights': True, 'iconUrl': 'https://p6.music.126.net/obj/wonDlsKUwrLClGjCm8Kx/32582188100/ca7f/f3f7/f591/a142a567c050a4a860ee77765270db57.png'}, 'musicPackage': {'vipCode': 220, 'rights': True, 'iconUrl': 'https://p5.music.126.net/obj/wonDlsKUwrLClGjCm8Kx/21892874340/50e6/e81d/5292/2d693cbb98954e28d4d9fdb11be99a8b.png'}, 'redplus': None, 'redVipAnnualCount': -1, 'redVipLevel': 5, 'relationType': 0}",,0,0102CC700E606B96B70927BCEBADD0E3DE69,1385323400,0,éƒ‘å¿—åˆš1802,http://p2.music.126.net/lAfjQMCaQH_9J3D5_rirbw==/109951169851521346.jpg,0,,,11,,False,,,IPHONE,distribution,4712,iphone,NeteaseMusic 9.0.10/4712 (iPhone; iOS 16.1.2; zh_CN),9000000000010,2409:891f:8fa4:4ab8:2035:2947:7e81:17bb,9.0.10,iphone,54922,6646d968e15ff2f54e522ee0eab63e54,16.1.2,,ä¸Šæµ·,1385323400,
7439235475,R_SO_4_167827,ç­‰æˆ‘è‰¾ç‰¹å’¯,ç­‰æˆ‘è‰¾ç‰¹å’¯,0,2024-10-16 19:28:50,æ˜¨å¤©19:28,True,0,0,False,,7439129235,False,,,0,,,,,,,,,,,,False,,,,,2,,,,[],,,False,,,,,,False,"{'associator': None, 'musicPackage': None, 'redplus': None, 'redVipAnnualCount': -1, 'redVipLevel': 0, 'relationType': 0}",,0,010087BC5D2369AFBBC29A5460A1433F68FB,1477947081,0,ä½ å°±æ˜¯æ˜¯æˆ‘baby,http://p2.music.126.net/-1zPakT3GRHLXKv51FPJrA==/109951165130988839.jpg,0,,,0,,False,,,ANDROID,bubugao1,241010202755,android,NeteaseMusic/9.1.78.241012181345(9001078);Dalvik/2.1.0 (Linux; U; Android 12; V1986A Build/SP1A.210812.003),9000001000078,116.162.64.229,9.1.78,android,60047,bnVsbAkwMjowMDowMDowMDowMDowMAlmYmQ3ZmU5ZTc5ZDAyNTk2CTU0ZjA0Nzc1MzNhNGI1ZGE%3D,12,,æ¹–å—,1477947081,
7439236324,R_SO_4_167827,å¥½çš„å’¯ğŸ˜„,å¥½çš„å’¯ğŸ˜„,0,2024-10-16 19:28:38,æ˜¨å¤©19:28,True,0,0,False,,7439158062,False,,,0,,,,,,,,,,,,False,,,,,2,,,,[],,,False,,,,,,False,"{'associator': None, 'musicPackage': None, 'redplus': None, 'redVipAnnualCount': -1, 'redVipLevel': 0, 'relationType': 0}",,0,010087BC5D2369AFBBC29A5460A1433F68FB,1477947081,0,ä½ å°±æ˜¯æ˜¯æˆ‘baby,http://p2.music.126.net/-1zPakT3GRHLXKv51FPJrA==/109951165130988839.jpg,0,,,0,,False,,,ANDROID,bubugao1,241010202755,android,NeteaseMusic/9.1.78.241012181345(9001078);Dalvik/2.1.0 (Linux; U; Android 12; V1986A Build/SP1A.210812.003),9000001000078,116.162.64.229,9.1.78,android,60047,bnVsbAkwMjowMDowMDowMDowMDowMAlmYmQ3ZmU5ZTc5ZDAyNTk2CTU0ZjA0Nzc1MzNhNGI1ZGE%3D,12,,æ¹–å—,1477947081,
7439236307,R_SO_4_167827,è¯´çš„å¯¹å•Šå¯¹å•Š,è¯´çš„å¯¹å•Šå¯¹å•Š,0,2024-10-16 19:28:28,æ˜¨å¤©19:28,True,0,0,False,,7439161505,False,,,0,,,,,,,,,,,,False,,,,,2,,,,[],,,False,,,,,,False,"{'associator': None, 'musicPackage': None, 'redplus': None, 'redVipAnnualCount': -1, 'redVipLevel': 0, 'relationType': 0}",,0,010087BC5D2369AFBBC29A5460A1433F68FB,1477947081,0,ä½ å°±æ˜¯æ˜¯æˆ‘baby,http://p2.music.126.net/-1zPakT3GRHLXKv51FPJrA==/109951165130988839.jpg,0,,,0,,False,,,ANDROID,bubugao1,241010202755,android,NeteaseMusic/9.1.78.241012181345(9001078);Dalvik/2.1.0 (Linux; U; Android 12; V1986A Build/SP1A.210812.003),9000001000078,116.162.64.229,9.1.78,android,60047,bnVsbAkwMjowMDowMDowMDowMDowMAlmYmQ3ZmU5ZTc5ZDAyNTk2CTU0ZjA0Nzc1MzNhNGI1ZGE%3D,12,,æ¹–å—,1477947081,
7439232656,R_SO_4_167827,çœ‹ä½ è¿æ°”å’¯,çœ‹ä½ è¿æ°”å’¯,0,2024-10-16 19:28:09,æ˜¨å¤©19:28,True,0,0,False,,7439194996,False,,,0,,,,,,,,,,,,False,,,,,2,,,,[],,,False,,,,,,False,"{'associator': None, 'musicPackage': None, 'redplus': None, 'redVipAnnualCount': -1, 'redVipLevel': 0, 'relationType': 0}",,0,010087BC5D2369AFBBC29A5460A1433F68FB,1477947081,0,ä½ å°±æ˜¯æ˜¯æˆ‘baby,http://p2.music.126.net/-1zPakT3GRHLXKv51FPJrA==/109951165130988839.jpg,0,,,0,,False,,,ANDROID,bubugao1,241010202755,android,NeteaseMusic/9.1.78.241012181345(9001078);Dalvik/2.1.0 (Linux; U; Android 12; V1986A Build/SP1A.210812.003),9000001000078,116.162.64.229,9.1.78,android,60047,bnVsbAkwMjowMDowMDowMDowMDowMAlmYmQ3ZmU5ZTc5ZDAyNTk2CTU0ZjA0Nzc1MzNhNGI1ZGE%3D,12,,æ¹–å—,1477947081,
7439234448,R_SO_4_167827,æˆ‘ä¸ä¿¡æœ‰ç‚¹,æˆ‘ä¸ä¿¡æœ‰ç‚¹,0,2024-10-16 19:27:55,æ˜¨å¤©19:27,True,0,0,False,,7439221809,False,,,0,,,,,,,,,,,,False,,,,,2,,,,[],,,False,,,,,,False,"{'associator': None, 'musicPackage': None, 'redplus': None, 'redVipAnnualCount': -1, 'redVipLevel': 0, 'relationType': 0}",,0,010087BC5D2369AFBBC29A5460A1433F68FB,1477947081,0,ä½ å°±æ˜¯æ˜¯æˆ‘baby,http://p2.music.126.net/-1zPakT3GRHLXKv51FPJrA==/109951165130988839.jpg,0,,,0,,False,,,ANDROID,bubugao1,241010202755,android,NeteaseMusic/9.1.78.241012181345(9001078);Dalvik/2.1.0 (Linux; U; Android 12; V1986A Build/SP1A.210812.003),9000001000078,116.162.64.229,9.1.78,android,60047,bnVsbAkwMjowMDowMDowMDowMDowMAlmYmQ3ZmU5ZTc5ZDAyNTk2CTU0ZjA0Nzc1MzNhNGI1ZGE%3D,12,,æ¹–å—,1477947081,
7439231197,R_SO_4_167827,æˆ‘æ€»æ„Ÿè§‰å“ªé‡Œä¸å¯¹åŠ²,æˆ‘æ€»æ„Ÿè§‰å“ªé‡Œä¸å¯¹åŠ²,0,2024-10-16 19:27:38,æ˜¨å¤©19:27,True,0,0,False,,7439226306,False,,,0,,,,,,,,,,,,False,,,,,2,,,,[],,,False,,,,,,False,"{'associator': None, 'musicPackage': None, 'redplus': None, 'redVipAnnualCount': -1, 'redVipLevel': 0, 'relationType': 0}",,0,010087BC5D2369AFBBC29A5460A1433F68FB,1477947081,0,ä½ å°±æ˜¯æ˜¯æˆ‘baby,http://p2.music.126.net/-1zPakT3GRHLXKv51FPJrA==/109951165130988839.jpg,0,,,0,,False,,,ANDROID,bubugao1,241010202755,android,NeteaseMusic/9.1.78.241012181345(9001078);Dalvik/2.1.0 (Linux; U; Android 12; V1986A Build/SP1A.210812.003),9000001000078,116.162.64.229,9.1.78,android,60047,bnVsbAkwMjowMDowMDowMDowMDowMAlmYmQ3ZmU5ZTc5ZDAyNTk2CTU0ZjA0Nzc1MzNhNGI1ZGE%3D,12,,æ¹–å—,1477947081,
7439225512,R_SO_4_167827,å¥³ç¥æˆ‘å¥½å¥½å¥½å–œæ¬¢ä½ [åèˆŒ][åèˆŒ][åèˆŒ],,0,2024-10-16 19:08:39,æ˜¨å¤©19:08,True,0,0,False,,7419297130,False,,,0,,,,,,,,,,,,False,,,,,2,,,,[],,,False,,,,,,False,"{'associator': None, 'musicPackage': None, 'redplus': None, 'redVipAnnualCount': -1, 'redVipLevel': 0, 'relationType': 0}",,0,0102A06760957B4E9D0966D79FCE15EB73DE,6452828453,0,æ€ç©ºåƒæ´›,http://p2.music.126.net/2lM90juSMwQzIVZpT1stZg==/109951170030587860.jpg,0,,,0,,False,,,IPHONE,distribution,5422,iphone,NeteaseMusic 9.1.78/5422 (iPhone; iOS 17.6.1; zh_CN),9000001000078,180.98.206.214,9.1.78,iphone,57864,d66327fd99ba53de35329c1dc562e128,17.6.1,,æ±Ÿè‹,6452828453,
7439200972,R_SO_4_167827,å‰å¥ä¸€å“èµ·ï¼Œä»¿ä½›å›åˆ°äº†æ— å¿§æ— è™‘çš„é‚£ä¸ªæš‘å‡ï¼Œå¤–é¢ä¸‹ç€é›¨ï¼Œæˆ‘å¬ç€ä½ çš„æ­Œï¼Œåˆä¸­ï¼Œå¥½å‹ï¼Œæ©å¸ˆï¼Œæˆç»©ï¼Œæš—æ‹çš„ç”·å­©å­ï¼Œæ¯å¤©çš„ç”Ÿæ´»éƒ½æœ‰ç›®æ ‡ï¼Œé’æ˜¥å¿«ä¹å¹¸ç¦ï¼Œéƒ½åœ¨è¿™é¦–æ­Œé‡Œäº†,,0,2024-10-16 18:20:56,æ˜¨å¤©18:20,True,0,1,False,,0,False,"{'id': 1329040, 'imageUrl': 'http://p1.music.126.net/zEOtWQYYTD-Pr8xzRStW8w==/109951169606208697.jpg'}",,0,,,,,,,,,,,,False,,,,,2,,,,[],,,False,,,,,,False,"{'associator': {'vipCode': 100, 'rights': True, 'iconUrl': 'https://p6.music.126.net/obj/wonDlsKUwrLClGjCm8Kx/32582185437/838c/3e35/26c7/1483dd70f2bbbf601f095dff56c603b8.png'}, 'musicPackage': {'vipCode': 220, 'rights': True, 'iconUrl': 'https://p5.music.126.net/obj/wonDlsKUwrLClGjCm8Kx/21892874340/50e6/e81d/5292/2d693cbb98954e28d4d9fdb11be99a8b.png'}, 'redplus': {'vipCode': 300, 'rights': True, 'iconUrl': 'https://p5.music.126.net/obj/wonDlsKUwrLClGjCm8Kx/32582305307/8bab/f0f1/ba3f/3f574fb88acef4c7e5bc441d2f12fd5b.png'}, 'redVipAnnualCount': -1, 'redVipLevel': 7, 'relationType': 0}",,0,0101ABA42B23D080227B6B7FFD67460EC372,562023475,0,LaurenFran7sca,http://p2.music.126.net/OFuThVR5O9aXJQJJ4SLJ7w==/109951170048531020.jpg,0,,,11,,False,,,IPHONE,distribution,5288,iphone,NeteaseMusic 9.1.50/5288 (iPhone; iOS 17.6.1; en_CN),9000001000050,2408:8606:1800:501::1:5,9.1.50,iphone,53782,a66915137f231cc6bbef6f4cd867f00d,17.6.1,,åŒ—äº¬,562023475,
7439194996,R_SO_4_167827,æˆ‘ä½•æ—¶èƒ½å†æŠ¢åˆ°ç¥¨ç¥¨[å¤§ç¬‘],æˆ‘ä½•æ—¶èƒ½å†æŠ¢åˆ°ç¥¨ç¥¨[å¤§ç¬‘],0,2024-10-16 18:07:27,æ˜¨å¤©18:07,True,0,1,False,,0,False,,,0,,,,,,,,,,,,False,,,,,2,,,,[],,,False,,,,,,False,"{'associator': {'vipCode': 100, 'rights': True, 'iconUrl': 'https://p5.music.126.net/obj/wonDlsKUwrLClGjCm8Kx/32582187196/ecde/1b79/d752/ec1b8f20854d06bba52ed022d28871d6.png'}, 'musicPackage': {'vipCode': 220, 'rights': True, 'iconUrl': 'https://p5.music.126.net/obj/wonDlsKUwrLClGjCm8Kx/21892874340/50e6/e81d/5292/2d693cbb98954e28d4d9fdb11be99a8b.png'}, 'redplus': {'vipCode': 300, 'rights': True, 'iconUrl': 'https://p5.music.126.net/obj/wonDlsKUwrLClGjCm8Kx/32582302730/ad61/5fd7/b07e/256f9d72ab3372c84f89cbe19b5d4762.png'}, 'redVipAnnualCount': -1, 'redVipLevel': 6, 'relationType': 0}",,0,0101761F5993D2EDBD26CEF93BA8D14799D7,411835465,0,æ˜¯å—¯å“¼å–yyy,http://p2.music.126.net/aRhFACSAoy8ujn7UuC67jw==/109951167747543656.jpg,0,,,11,,False,,,ANDROID,xiaomi,241010202755,android,NeteaseMusic/9.1.78.241010202755(9001078);Dalvik/2.1.0 (Linux; U; Android 13; 23046PNC9C Build/TP1A.220624.014),9000001000078,120.235.40.10,9.1.78,android,56852,ODY0NTc3MDQyMjUyMTk5CTAyOjAwOjAwOjAwOjAwOjAwCWJiMDg1ZDcwNDUwYzU0MmUJw6bQqfC8qI3go6gQ8pyhpfKMnpfWuSbDt%2B68pfKGj4Y%3D,13,,å¹¿ä¸œ,411835465,
7439192526,R_SO_4_167827,08è¶…çˆ±çš„,08è¶…çˆ±çš„,0,2024-10-16 17:59:14,æ˜¨å¤©17:59,True,1,0,False,,5624577047,False,,,0,,,,,,,,,,,,False,,,,,2,,,,[],,,False,,,,,,False,"{'associator': None, 'musicPackage': None, 'redplus': None, 'redVipAnnualCount': -1, 'redVipLevel': 0, 'relationType': 0}",,0,0101CCB1ACFEC5F47C5FC1B93CA2252501B4,12492848629,0,æ±Ÿæ¥ haitang,http://p2.music.126.net/lSlJbYxLZ6YC4jz30HSzTw==/109951170020878087.jpg,0,,,0,,False,,,ANDROID,xiaomi,241012181345,android,NeteaseMusic/9.1.78.241012181345(9001078);Dalvik/2.1.0 (Linux; U; Android 10; M2010J19SC MIUI/V12.0.20.0.QJQCNXM),9000001000078,106.9.77.8,9.1.78,android,9430,CWI4Ojk0OmU3OmY5OjhhOjNlCWZiMDVjNWJhMzI2OTM3MjQJMTcyYzM1OTdmMmY5ODRiZg%3D%3D,10,,æ²³åŒ—,12492848629,
7439161505,R_SO_4_167827,æ€€å¿µä¹Ÿå›ä¸åˆ°ä»å‰,,0,2024-10-16 16:33:19,æ˜¨å¤©16:33,True,0,1,False,,0,False,,,0,,,,,,"{'userId': None, 'userNickName': None, 'resourceId': 'a128qUNvMFKQv7PG4', 'resourceName': None, 'resourceType': 4002, 'threadId': None, 'artists': [], 'title': '', 'subTitle': '', 'tag': '', 'coverUrl': '', 'url': None, 'shareUrl': None, 'contentUrl': None, 'duration': None}",,,,,,False,,,,,2,,,,[],,,False,,,,,,False,"{'associator': {'vipCode': 100, 'rights': True, 'iconUrl': 'https://p5.music.126.net/obj/wonDlsKUwrLClGjCm8Kx/32582187196/ecde/1b79/d752/ec1b8f20854d06bba52ed022d28871d6.png'}, 'musicPackage': {'vipCode': 220, 'rights': True, 'iconUrl': 'https://p5.music.126.net/obj/wonDlsKUwrLClGjCm8Kx/21892874340/50e6/e81d/5292/2d693cbb98954e28d4d9fdb11be99a8b.png'}, 'redplus': None, 'redVipAnnualCount': -1, 'redVipLevel': 6, 'relationType': 0}",,0,01010ED78293E3A0BEE213B7D6EFC0EF8B67,5197137385,0,dramababy_B6Co,http://p2.music.126.net/SUeqMM8HOIpHv9Nhl9qt9w==/109951165647004069.jpg,0,,,11,,False,,,IPHONE,distribution,5422,iphone,NeteaseMusic 9.1.78/5422 (iPhone; iOS 17.3.1; zh_CN),9000001000078,240e:46d:1330:5a02:c892:ecaa:8f97:b50c,9.1.78,iphone,55028,ff9ba7ab39aaac92a6a50c6279f1e1b5,17.3.1,,ä¸Šæµ·,5197137385,
7439164369,R_SO_4_167827,å¥½å¬å¥½å¬,,0,2024-10-16 16:32:50,æ˜¨å¤©16:32,True,0,0,False,,0,False,,,0,,,,,,,,,,,,False,,,,,2,,,,[],,,False,,,,,,False,"{'associator': {'vipCode': 100, 'rights': True, 'iconUrl': 'https://p5.music.126.net/obj/wonDlsKUwrLClGjCm8Kx/32582187196/ecde/1b79/d752/ec1b8f20854d06bba52ed022d28871d6.png'}, 'musicPackage': {'vipCode': 220, 'rights': True, 'iconUrl': 'https://p5.music.126.net/obj/wonDlsKUwrLClGjCm8Kx/21892874340/50e6/e81d/5292/2d693cbb98954e28d4d9fdb11be99a8b.png'}, 'redplus': None, 'redVipAnnualCount': -1, 'redVipLevel': 6, 'relationType': 0}",,0,01010ED78293E3A0BEE213B7D6EFC0EF8B67,5197137385,0,dramababy_B6Co,http://p2.music.126.net/SUeqMM8HOIpHv9Nhl9qt9w==/109951165647004069.jpg,0,,,11,,False,,,IPHONE,distribution,5422,iphone,NeteaseMusic 9.1.78/5422 (iPhone; iOS 17.3.1; zh_CN),9000001000078,240e:46d:1330:5a02:c892:ecaa:8f97:b50c,9.1.78,iphone,55028,ff9ba7ab39aaac92a6a50c6279f1e1b5,17.3.1,,ä¸Šæµ·,5197137385,
7439161454,R_SO_4_167827,æœ‰éŸ³ä¹çœŸå¥½ï¼Œçªç„¶å›åˆ°äº†å¾ˆä¹…ä»¥å‰,,0,2024-10-16 16:32:40,æ˜¨å¤©16:32,True,0,0,False,,0,False,,,0,,,,,,,,,,,,False,,,,,2,,,,[],,,False,,,,,,False,"{'associator': {'vipCode': 100, 'rights': True, 'iconUrl': 'https://p5.music.126.net/obj/wonDlsKUwrLClGjCm8Kx/32582187196/ecde/1b79/d752/ec1b8f20854d06bba52ed022d28871d6.png'}, 'musicPackage': {'vipCode': 220, 'rights': True, 'iconUrl': 'https://p5.music.126.net/obj/wonDlsKUwrLClGjCm8Kx/21892874340/50e6/e81d/5292/2d693cbb98954e28d4d9fdb11be99a8b.png'}, 'redplus': None, 'redVipAnnualCount': -1, 'redVipLevel': 6, 'relationType': 0}",,0,01010ED78293E3A0BEE213B7D6EFC0EF8B67,5197137385,0,dramababy_B6Co,http://p2.music.126.net/SUeqMM8HOIpHv9Nhl9qt9w==/109951165647004069.jpg,0,,,11,,False,,,IPHONE,distribution,5422,iphone,NeteaseMusic 9.1.78/5422 (iPhone; iOS 17.3.1; zh_CN),9000001000078,240e:46d:1330:5a02:c892:ecaa:8f97:b50c,9.1.78,iphone,55028,ff9ba7ab39aaac92a6a50c6279f1e1b5,17.3.1,,ä¸Šæµ·,5197137385,
7439158062,R_SO_4_167827,æ²¡äº‹å°±å¬å¬,,0,2024-10-16 16:28:36,æ˜¨å¤©16:28,True,0,1,False,,0,False,,,0,,,,,,,,,,,,False,,,,,2,,,,[],,,False,,,,,,False,,,0,010203E3EB0F1C7C0927637900B5115ACD31,1692843272,0,Chinaé“å®…,http://p2.music.126.net/zLW5tx2WnyZbcGa-6y3DJA==/109951169413152648.jpg,0,,,11,,False,,,PC,netease,,pc,"Mozilla/5.0 (Windows NT 10.0; WOW64) AppleWebKit/537.36 (KHTML, like Gecko) Safari/537.36 Chrome/91.0.4472.164 NeteaseMusicDesktop/3.0.18.203152",3000000000018,61.130.197.116,3.0.18.203152,pc,35390,E000F20AC59EC4B79FF1451DE0B22C80B1A50371581122A1D00F,Microsoft-Windows-10-Professional-build-19045-64bit,,æµ™æ±Ÿ,1692843272,
7439131659,R_SO_4_167827,é›¨è¿‡å¤©æ™´åï¼Œä½ é‚£ä¸€è„¸æ³¥[å¤šå¤šå¤§ç¬‘],é›¨è¿‡å¤©æ™´åï¼Œä½ é‚£ä¸€è„¸æ³¥[å¤šå¤šå¤§ç¬‘],0,2024-10-16 15:14:26,æ˜¨å¤©15:14,True,0,0,False,,7438788476,False,,,0,,,,,,,,,,,,False,,,,,2,,,,[],,,False,,,,,,False,,,0,0100BB3302F67C3B4D999888906CAB95BD4D,1441103220,0,åªæœ‰èº¯å£³çš„æˆ‘,http://p2.music.126.net/yo8q5Gl7j53bsScM7A5fgg==/1388683200043244.jpg,0,,,0,,False,,,ANDROID,huawei1,241011143806,android,NeteaseMusic/9.1.71.241011143806(9001071);Dalvik/2.1.0 (Linux; U; Android 12; ANG-AN00 Build/HUAWEIANG-AN00),9000001000071,127.0.0.1,9.1.71,android,58360,bnVsbAkwMjowMDowMDowMDowMDowMAk5NGY5MzY1YTZkNjVjN2QwCTc5YmYwNmRkM2ZmYTkxOGQ%3D,12,,æµ™æ±Ÿ,1441103220,
7439129235,R_SO_4_167827,å¿«è‰¾ç‰¹ä½ ä»¬ç­ç©çš„æœ€å¥½çš„ä¸¤ä¸ªäºº ,,0,2024-10-16 15:09:02,æ˜¨å¤©15:09,True,0,1,False,,0,False,,,0,,,,,,"{'userId': None, 'userNickName': None, 'resourceId': 'a1G10PgVMqueGOlXw9', 'resourceName': None, 'resourceType': 2, 'threadId': 'A_EV_2_a1G10PgVMqueGOlXw9_0', 'artists': [], 'title': '', 'subTitle': '', 'tag': '', 'coverUrl': '', 'url': None, 'shareUrl': None, 'contentUrl': None, 'duration': None}",,,,,,False,,,,,2,,,,[],,,False,,,,,,False,"{'associator': None, 'musicPackage': None, 'redplus': None, 'redVipAnnualCount': -1, 'redVipLevel': 0, 'relationType': 0}",,0,01005A025EB047618B7F0A63CFF3E898C6E7,12579568488,0,åˆç¨š_OOxn,http://p2.music.126.net/XueP2FcFsMsd-pW4E2_q3Q==/109951170045683115.jpg,0,,,0,,False,,,ANDROID,oppo1,241012181345,android,NeteaseMusic/9.1.78.241012181345(9001078);Dalvik/2.1.0 (Linux; U; Android 12; RMX3619 Build/SP1A.210812.016),9000001000078,36.158.3.93,9.1.78,android,8423,bnVsbAkwMjowMDowMDowMDowMDowMAllMjk2ZGRmNDhjNTRjMDY2CTdhNWYyZDFmMmRiNTc3MGM%3D,12,,æ¹–å—,12579568488,
7439095654,R_SO_4_167827,å¦‚æœå†çœ‹ä½ ä¸€çœ¼,å¦‚æœå†çœ‹ä½ ä¸€çœ¼,0,2024-10-16 13:35:46,æ˜¨å¤©13:35,True,3,0,False,,0,False,,,0,,,,,,,,,,,,False,,,,,2,,,,[],,,False,,,,,,False,"{'associator': {'vipCode': 100, 'rights': True, 'iconUrl': 'https://p6.music.126.net/obj/wonDlsKUwrLClGjCm8Kx/32582185437/838c/3e35/26c7/1483dd70f2bbbf601f095dff56c603b8.png'}, 'musicPackage': {'vipCode': 220, 'rights': True, 'iconUrl': 'https://p5.music.126.net/obj/wonDlsKUwrLClGjCm8Kx/21892874340/50e6/e81d/5292/2d693cbb98954e28d4d9fdb11be99a8b.png'}, 'redplus': {'vipCode': 300, 'rights': True, 'iconUrl': 'https://p5.music.126.net/obj/wonDlsKUwrLClGjCm8Kx/32582305307/8bab/f0f1/ba3f/3f574fb88acef4c7e5bc441d2f12fd5b.png'}, 'redVipAnnualCount': -1, 'redVipLevel': 7, 'relationType': 0}",,0,0102FB6810667563CADA862FFE26E60C7B4B,301788635,0,å´ä¸€å°å´,http://p2.music.126.net/nKAUQmUGxaurj3MWY7Rm5w==/109951164141546565.jpg,0,,,11,,False,,,ANDROID,bubugao1,241010202755,android,NeteaseMusic/9.1.78.241010202755(9001078);Dalvik/2.1.0 (Linux; U; Android 14; V2309A Build/UP1A.231005.007),9000001000078,240e:454:430a:6431:17fe:cb24:8e:a14c,9.1.78,android,36392,bnVsbAkwMjowMDowMDowMDowMDowMAllNDc4MTY5YjI0ODVmZjdmCTVhYzdmZTI0ZDMwNTg3YzU%3D,14,,é™•è¥¿,301788635,
7439052033,R_SO_4_167827,æˆ‘ä¹Ÿæ˜¯ï¼å¥½æ„ŸåŠ¨å¥½æ€€å¿µ,æˆ‘ä¹Ÿæ˜¯ï¼å¥½æ„ŸåŠ¨å¥½æ€€å¿µ,0,2024-10-16 12:00:36,æ˜¨å¤©12:00,True,0,0,False,,7438362242,False,,,0,,,,,,,,,,,,False,,,,,2,,,,[],,,False,,,,,,False,,,0,010204F40EE93B68D49D01973F6BDFFBE908,1441103729,0,Isaylst,http://p2.music.126.net/dLMtXkbPXNuN9q_DAn2XwQ==/109951163255186358.jpg,0,,,0,,False,,,IPHONE,distribution,5410,iphone,NeteaseMusic 9.1.70/5410 (iPhone; iOS 18.0; zh_CN),9000001000070,127.0.0.1,9.1.70,iphone,61079,9ec0c932e13a1d9857a6aa9897eb8e12,18.0,,æµ™æ±Ÿ,1441103729,
7439053610,R_SO_4_167827,çˆ±æ˜¯ç«ç‘° ä¹Ÿæ˜¯è†æ£˜,çˆ±æ˜¯ç«ç‘° ä¹Ÿæ˜¯è†æ£˜,0,2024-10-16 11:56:26,æ˜¨å¤©11:56,True,0,0,False,,7438472395,False,,,0,,,,,,,,,,,,False,,,,,2,,,,[],,,False,,,,,,False,,,0,0101516096FBAA0C6880B27C876DC55A80DB,1441178362,0,éŸµæœˆIntsuki,http://p2.music.126.net/Fmro2fkL0SJlKkI_ddzd6A==/109951163255097144.jpg,0,,,0,,False,,,IPHONE,distribution,5422,iphone,NeteaseMusic 9.1.78/5422 (iPhone; iOS 17.5; zh_CN),9000001000078,127.0.0.1,9.1.78,iphone,53708,86e1b6363f9107f0e49cfbcde050edb3,17.5,,åŒ—äº¬,1441178362,
7439049730,R_SO_4_167827,æ€ä¹ˆæ²¡ç»™ä½ æ—¥æœ¬è·Œå£å•Š,æ€ä¹ˆæ²¡ç»™ä½ æ—¥æœ¬è·Œå£å•Š,0,2024-10-16 11:44:06,æ˜¨å¤©11:44,True,0,0,False,,6043381726,False,,,0,,,,,,,,,,,,False,,,,,2,,,,[],,,False,,,,,,False,"{'associator': {'vipCode': 100, 'rights': True, 'iconUrl': 'https://p6.music.126.net/obj/wonDlsKUwrLClGjCm8Kx/32582188100/ca7f/f3f7/f591/a142a567c050a4a860ee77765270db57.png'}, 'musicPackage': {'vipCode': 220, 'rights': True, 'iconUrl': 'https://p5.music.126.net/obj/wonDlsKUwrLClGjCm8Kx/21892874340/50e6/e81d/5292/2d693cbb98954e28d4d9fdb11be99a8b.png'}, 'redplus': None, 'redVipAnnualCount': -1, 'redVipLevel': 5, 'relationType': 0}",,0,01006FE59008FC73A5F41330EDA76B709E3D,1485608121,0,æ²¡æœ‰ä½ çš„æµ·æˆ‘å»çœ‹äº†,http://p2.music.126.net/3AO4Kzqml-gFRKVVJbxDeg==/109951169736778230.jpg,0,,,11,,False,,,ANDROID,huawei1,241012181345,android,NeteaseMusic/9.1.78.241012181345(9001078);Dalvik/2.1.0 (Linux; U; Android 10; ELE-AL00 Build/HUAWEIELE-AL00),9000001000078,106.109.66.69,9.1.78,android,38180,bnVsbAk1MjpkNzplNzo1ODo3ZjplMQlmNzljMDc4OGU0YzRlMGZhCTI1MTE2ZmUzMTQ0YWU0M2E%3D,10,,è´µå·,1485608121,
7439040111,R_SO_4_167827,æˆ‘çš„æ„æ€æ˜¯ æˆ‘ä»¬ä¸èƒ½æ´»åœ¨è¿‡å»,æˆ‘çš„æ„æ€æ˜¯ æˆ‘ä»¬ä¸èƒ½æ´»åœ¨è¿‡å»,0,2024-10-16 11:30:42,æ˜¨å¤©11:30,True,1,0,False,,7438860335,False,,,0,,,,,,,,,,,,False,,,,,2,,,,[],,,False,,,,,,False,,,0,010129DDED3E72BE22DC576CA606EDBE5A59,1441103002,0,è¯ä¸èƒ½åœtng,http://p2.music.126.net/MNmXN2eu5EL0LUcSTKflJA==/3264450036022541.jpg,0,,,0,,False,,,IPHONE,distribution,5422,iphone,NeteaseMusic 9.1.78/5422 (iPhone; iOS 18.0; zh_CN),9000001000078,127.0.0.1,9.1.78,iphone,59757,d106c3ab0ca25bb72f78182d74e1e675,18.0,,åŒ—äº¬,1441103002,
7439029737,R_SO_4_167827,è°äº’åŠ¨æ€,è°äº’åŠ¨æ€,0,2024-10-16 10:53:40,æ˜¨å¤©10:53,True,0,0,False,,0,False,"{'id': 1303040, 'imageUrl': 'http://p1.music.126.net/Z6GYxDC1nz32EOESmlgf5Q==/109951169268831008.jpg'}",,0,,,,,,,,,,,,False,,,,,2,,,,[],,,False,,,,,,False,"{'associator': {'vipCode': 100, 'rights': True, 'iconUrl': 'https://p6.music.126.net/obj/wonDlsKUwrLClGjCm8Kx/32582186486/9f31/5cfe/207c/2846c11ce0bd05aae1754aed7e63ca58.png'}, 'musicPackage': {'vipCode': 220, 'rights': True, 'iconUrl': 'https://p5.music.126.net/obj/wonDlsKUwrLClGjCm8Kx/21892874340/50e6/e81d/5292/2d693cbb98954e28d4d9fdb11be99a8b.png'}, 'redplus': None, 'redVipAnnualCount': -1, 'redVipLevel': 1, 'relationType': 0}",,0,01014F53526CD3D46C98F99FBA303E1A9A26,12477569548,0,å°‘å¯¼ç½,http://p2.music.126.net/15sptzChs17GY-xb5jczYA==/109951170049857330.jpg,0,,,11,,False,,,ANDROID,huawei1,241012181345,android,NeteaseMusic/9.1.78.241012181345(9001078);Dalvik/2.1.0 (Linux; U; Android 11; MGZ-BD00 Build/HinovaMGZ-BD00),9000001000078,111.53.168.34,9.1.78,android,,bnVsbAkwMjowMDowMDowMDowMDowMAk3OGVkZDk2OTg4N2RjOGY2CTA1NjE3MjMyMzQyMmViOWE%3D,11,,å±±è¥¿,12477569548,111.53.168.34
7438991263,R_SO_4_167827,æ¥äº†,,0,2024-10-16 08:42:35,æ˜¨å¤©08:42,True,1,0,False,,7437015704,False,,,0,,,,,,,,,,,,False,,,,,2,,,,[],,,False,,,,,,False,"{'associator': {'vipCode': 100, 'rights': True, 'iconUrl': 'https://p6.music.126.net/obj/wonDlsKUwrLClGjCm8Kx/32582186486/9f31/5cfe/207c/2846c11ce0bd05aae1754aed7e63ca58.png'}, 'musicPackage': {'vipCode': 220, 'rights': True, 'iconUrl': 'https://p5.music.126.net/obj/wonDlsKUwrLClGjCm8Kx/21892874340/50e6/e81d/5292/2d693cbb98954e28d4d9fdb11be99a8b.png'}, 'redplus': None, 'redVipAnnualCount': -1, 'redVipLevel': 1, 'relationType': 0}",,0,010258AA3322EFDDDC5811C59FB3F5B873EB,9010670252,0,é›¨å´½å…¬ä¸»,http://p2.music.126.net/RhibDC-RrqVzaoOFdqthuw==/109951170022756410.jpg,0,,,11,,False,,,IPHONE,distribution,5422,iphone,NeteaseMusic 9.1.78/5422 (iPhone; iOS 17.5.1; zh_CN),9000001000078,2409:896d:158:38d4:65d1:8919:6079:e101,9.1.78,iphone,64456,81659b4bfc41ae5789b2c43993e42e22,17.5.1,,äº‘å—,9010670252,
7438962196,R_SO_4_167827,ç°åœ¨ä¹Ÿç´ é¢œï¼Œå¤„ä¸[å¥¸ç¬‘],ç°åœ¨ä¹Ÿç´ é¢œï¼Œå¤„ä¸[å¥¸ç¬‘],0,2024-10-16 05:16:22,æ˜¨å¤©05:16,True,0,0,False,,7437791987,False,,,0,,,,,,,,,,,,False,,,,,2,,,,[],,,False,,,,,,False,"{'associator': {'vipCode': 100, 'rights': True, 'iconUrl': 'https://p6.music.126.net/obj/wonDlsKUwrLClGjCm8Kx/32582186486/9f31/5cfe/207c/2846c11ce0bd05aae1754aed7e63ca58.png'}, 'musicPackage': {'vipCode': 220, 'rights': True, 'iconUrl': 'https://p5.music.126.net/obj/wonDlsKUwrLClGjCm8Kx/21892874340/50e6/e81d/5292/2d693cbb98954e28d4d9fdb11be99a8b.png'}, 'redplus': None, 'redVipAnnualCount': -1, 'redVipLevel': 1, 'relationType': 0}",,0,0100E0FB90DABCBE14DFC0C35D7866218BB3,8622161661,0,ç¦»å¼€äº†è¿˜çˆ±å¥¹,http://p2.music.126.net/kwiY6AU_joaoG0V-AxC_Qg==/109951169972672746.jpg,0,,,11,,False,,,ANDROID,bubugao1,241012181345,android,NeteaseMusic/9.1.78.241012181345(9001078);Dalvik/2.1.0 (Linux; U; Android 14; V2243A Build/UP1A.231005.007),9000001000078,223.94.97.22,9.1.78,android,4820,bnVsbAkwMjowMDowMDowMDowMDowMAkxM2ZiNmJjZGE5MzMyOTUxCWZlZmM0Nzc0ZWE1MzFlNDM%3D,14,,æµ™æ±Ÿ,8622161661,
7438941261,R_SO_4_167827,æˆ‘ä¹Ÿåˆä¸€çš„ ç°åœ¨åœ¨å¦®å¯[å‘†],æˆ‘ä¹Ÿåˆä¸€çš„ ç°åœ¨åœ¨å¦®å¯[å‘†],0,2024-10-16 02:18:06,æ˜¨å¤©02:18,True,0,0,False,,159964053,False,"{'id': 83208, 'imageUrl': 'http://p1.music.126.net/m0Yl_mLhurz_QUnkEK8VBg==/109951165525190298.jpg'}",,0,,,,,,,,,,,,False,,,,,2,,,,[],,,False,,"{'userType': 4, 'identityLevel': 1, 'identityIconUrl': 'https://p5.music.126.net/obj/wo3DlcOGw6DClTvDisK1/4874132307/4499/f228/d867/da64b9725e125943ad4e14e4c72d0884.png'}",,,,False,"{'associator': {'vipCode': 100, 'rights': True, 'iconUrl': 'https://p6.music.126.net/obj/wonDlsKUwrLClGjCm8Kx/32582186486/9f31/5cfe/207c/2846c11ce0bd05aae1754aed7e63ca58.png'}, 'musicPackage': {'vipCode': 220, 'rights': True, 'iconUrl': 'https://p5.music.126.net/obj/wonDlsKUwrLClGjCm8Kx/21892874340/50e6/e81d/5292/2d693cbb98954e28d4d9fdb11be99a8b.png'}, 'redplus': None, 'redVipAnnualCount': -1, 'redVipLevel': 1, 'relationType': 0}",,0,0100F0700D72933B867BE641EACD127F5DA0,625552350,4,æ¡œèˆPhymusics,http://p2.music.126.net/DkBQJ792MI3BTFOqsCm8pw==/109951168263786192.jpg,1,,,11,,False,,,ANDROID,oppo1,241010202755,android,NeteaseMusic/9.1.78.241010202755(9001078);Dalvik/2.1.0 (Linux; U; Android 14; PHZ110 Build/UP1A.231005.007),9000001000078,2001:da8:d800:a24d:4f5f:b219:603d:4ac1,9.1.78,android,42754,bnVsbAkwMjowMDowMDowMDowMDowMAliMjk1N2MwNThmMjczOTRiCWViMzhlZDBjZDM2OTUzOWI%3D,14,,å®‰å¾½,625552350,
7438942238,R_SO_4_167827,å­¦åŒ»çš„å•Š,å­¦åŒ»çš„å•Š,0,2024-10-16 02:17:39,æ˜¨å¤©02:17,True,0,0,False,,159964053,False,"{'id': 83208, 'imageUrl': 'http://p1.music.126.net/m0Yl_mLhurz_QUnkEK8VBg==/109951165525190298.jpg'}",,0,,,,,,,,,,,,False,,,,,2,,,,[],,,False,,"{'userType': 4, 'identityLevel': 1, 'identityIconUrl': 'https://p5.music.126.net/obj/wo3DlcOGw6DClTvDisK1/4874132307/4499/f228/d867/da64b9725e125943ad4e14e4c72d0884.png'}",,,,False,"{'associator': {'vipCode': 100, 'rights': True, 'iconUrl': 'https://p6.music.126.net/obj/wonDlsKUwrLClGjCm8Kx/32582186486/9f31/5cfe/207c/2846c11ce0bd05aae1754aed7e63ca58.png'}, 'musicPackage': {'vipCode': 220, 'rights': True, 'iconUrl': 'https://p5.music.126.net/obj/wonDlsKUwrLClGjCm8Kx/21892874340/50e6/e81d/5292/2d693cbb98954e28d4d9fdb11be99a8b.png'}, 'redplus': None, 'redVipAnnualCount': -1, 'redVipLevel': 1, 'relationType': 0}",,0,0100F0700D72933B867BE641EACD127F5DA0,625552350,4,æ¡œèˆPhymusics,http://p2.music.126.net/DkBQJ792MI3BTFOqsCm8pw==/109951168263786192.jpg,1,,,11,,False,,,ANDROID,oppo1,241010202755,android,NeteaseMusic/9.1.78.241010202755(9001078);Dalvik/2.1.0 (Linux; U; Android 14; PHZ110 Build/UP1A.231005.007),9000001000078,2001:da8:d800:a24d:4f5f:b219:603d:4ac1,9.1.78,android,42754,bnVsbAkwMjowMDowMDowMDowMDowMAliMjk1N2MwNThmMjczOTRiCWViMzhlZDBjZDM2OTUzOWI%3D,14,,å®‰å¾½,625552350,
7438945407,R_SO_4_167827,åˆ«æ€€å¿µã€‚,åˆ«æ€€å¿µã€‚,0,2024-10-16 02:09:38,æ˜¨å¤©02:09,True,1,0,False,,0,False,,,0,,,,,,,,,,,,False,,,,,2,,,,[],,,False,,,,,,False,"{'associator': {'vipCode': 100, 'rights': True, 'iconUrl': 'https://p5.music.126.net/obj/wonDlsKUwrLClGjCm8Kx/32582187196/ecde/1b79/d752/ec1b8f20854d06bba52ed022d28871d6.png'}, 'musicPackage': {'vipCode': 220, 'rights': True, 'iconUrl': 'https://p5.music.126.net/obj/wonDlsKUwrLClGjCm8Kx/21892874340/50e6/e81d/5292/2d693cbb98954e28d4d9fdb11be99a8b.png'}, 'redplus': None, 'redVipAnnualCount': -1, 'redVipLevel': 6, 'relationType': 0}",,0,01010DEAEAFFAEF943920415EF36D2588CF6,262090504,0,è€Œæ˜¥å¤,http://p2.music.126.net/puWBsVyb2ZVeFll3rcQgUg==/109951163440142205.jpg,0,,,11,,False,,,ANDROID,xiaomi,241012181345,android,NeteaseMusic/9.1.78.241012181345(9001078);Dalvik/2.1.0 (Linux; U; Android 13; 23013RK75C Build/TKQ1.220905.001),9000001000078,1.80.137.188,9.1.78,android,3826,bnVsbAkwMjowMDowMDowMDowMDowMAlmZjJjYTcxYjZlMWEzZDExCTNlZWY2MmNmNmVmNmI1Yjk%3D,13,,é™•è¥¿,262090504,
7438939173,R_SO_4_167827,æ»š,æ»š,0,2024-10-16 02:03:23,æ˜¨å¤©02:03,True,0,0,False,,7438870360,False,,,0,,,,,,,,,,,,False,,,,,2,,,,[],,,False,,,,,,False,"{'associator': {'vipCode': 100, 'rights': True, 'iconUrl': 'https://p5.music.126.net/obj/wonDlsKUwrLClGjCm8Kx/32582187196/ecde/1b79/d752/ec1b8f20854d06bba52ed022d28871d6.png'}, 'musicPackage': {'vipCode': 220, 'rights': True, 'iconUrl': 'https://p5.music.126.net/obj/wonDlsKUwrLClGjCm8Kx/21892874340/50e6/e81d/5292/2d693cbb98954e28d4d9fdb11be99a8b.png'}, 'redplus': None, 'redVipAnnualCount': -1, 'redVipLevel': 6, 'relationType': 0}",,0,0100B99AD42A6D993A96187846201BA25420,267116244,0,å®‡å®™ç»ˆ,http://p2.music.126.net/nmPjpQH0LZvlQIT0WW0FUw==/109951170049645123.jpg,0,,,11,,False,,,ANDROID,bubugao1,241012181345,android,NeteaseMusic/9.1.78.241012181345(9001078);Dalvik/2.1.0 (Linux; U; Android 14; V2162A Build/UP1A.231005.007),9000001000078,113.73.240.168,9.1.78,android,49859,bnVsbAkwMjowMDowMDowMDowMDowMAkwNTI0OTU2OWM3NDYyM2M0CTgxZDllMDM5MTlkOTU0ZTI%3D,14,,å¹¿ä¸œ,267116244,
7438944313,R_SO_4_167827,å°±çˆ±å‰å¥è¿™å‡ ä¸‹å°æ—‹è½¬,å°±çˆ±å‰å¥è¿™å‡ ä¸‹å°æ—‹è½¬,0,2024-10-16 02:03:04,æ˜¨å¤©02:03,True,0,0,False,,0,False,,,0,,,,,,,,,,,,False,,,,,2,,,,[],,,False,,,,,,False,"{'associator': {'vipCode': 100, 'rights': True, 'iconUrl': 'https://p5.music.126.net/obj/wonDlsKUwrLClGjCm8Kx/32582187196/ecde/1b79/d752/ec1b8f20854d06bba52ed022d28871d6.png'}, 'musicPackage': {'vipCode': 220, 'rights': True, 'iconUrl': 'https://p5.music.126.net/obj/wonDlsKUwrLClGjCm8Kx/21892874340/50e6/e81d/5292/2d693cbb98954e28d4d9fdb11be99a8b.png'}, 'redplus': None, 'redVipAnnualCount': -1, 'redVipLevel': 6, 'relationType': 0}",,0,0100B99AD42A6D993A96187846201BA25420,267116244,0,å®‡å®™ç»ˆ,http://p2.music.126.net/nmPjpQH0LZvlQIT0WW0FUw==/109951170049645123.jpg,0,,,11,,False,,,ANDROID,bubugao1,241012181345,android,NeteaseMusic/9.1.78.241012181345(9001078);Dalvik/2.1.0 (Linux; U; Android 14; V2162A Build/UP1A.231005.007),9000001000078,113.73.240.168,9.1.78,android,49859,bnVsbAkwMjowMDowMDowMDowMDowMAkwNTI0OTU2OWM3NDYyM2M0CTgxZDllMDM5MTlkOTU0ZTI%3D,14,,å¹¿ä¸œ,267116244,
7438931426,R_SO_4_167827,å—¯å—¯,å—¯å—¯,0,2024-10-16 01:22:16,æ˜¨å¤©01:22,True,0,0,False,,7437015704,False,,,0,,,,,,,,,,,,False,,,,,2,,,,[],,,False,,,,,,False,,,0,0101511701C4078B5B8476B86B4343F6B809,4976654416,0,æ‹œæ‰˜è¯·å¸¦æˆ‘èµ°,http://p2.music.126.net/eaqVwbRTbAy94F4zXSjitw==/109951170044214870.jpg,0,,,11,,False,,,ANDROID,oppo1,241012181345,android,NeteaseMusic/9.1.78.241012181345(9001078);Dalvik/2.1.0 (Linux; U; Android 14; PJS110 Build/TP1A.220905.001),9000001000078,2409:8a30:a8f2:41e0:51c5:65c5:94c0:a195,9.1.78,android,48006,bnVsbAkwMjowMDowMDowMDowMDowMAkyNmVlNmMwNWMyMDJkNWQ0CXnwmaeS7o6fxp5fw7jHoE3oup0Q240S45uT6rSoINWw,14,,å®‰å¾½,4976654416,
7438860335,R_SO_4_167827,è¿‡å»çš„ä¸€å¹•å¹•æ˜¯ç•™åœ¨å½“ä¸‹çš„æŸä¸€åˆ»ç”¨æ¥å›å¿†çš„,,0,2024-10-15 23:40:06,2å¤©å‰,True,1,1,False,,0,False,,,0,,,,,,"{'userId': None, 'userNickName': None, 'resourceId': 'a19G91N1pC10lwl5y', 'resourceName': None, 'resourceType': 4002, 'threadId': None, 'artists': [], 'title': '', 'subTitle': '', 'tag': '', 'coverUrl': '', 'url': None, 'shareUrl': None, 'contentUrl': None, 'duration': None}",,,,,,False,,,,"[{'id': '151944318', 'name': 'ä»Šæ—¥ä»½å¬æ­Œæ‰“å¡', 'icon': None, 'desc': '[]', 'target': 'orpheus://open?url1=orpheus%3A%2F%2Ftopic%2F151944318%3Fsource%3Dsong_comment&url2=https%3A%2F%2Fmusic.163.com%2Fm%2Factivity%2F%3Fsource%3Dsong_comment%26id%3D151944318', 'eventCount': 961755, 'pubGuide': False, 'pubGuideIcon': None, 'pubGuideText': None, 'pubGuideActionText': None}]",2,,,,[],,,False,,,,,,False,"{'associator': {'vipCode': 100, 'rights': True, 'iconUrl': 'https://p6.music.126.net/obj/wonDlsKUwrLClGjCm8Kx/32582188100/ca7f/f3f7/f591/a142a567c050a4a860ee77765270db57.png'}, 'musicPackage': {'vipCode': 220, 'rights': True, 'iconUrl': 'https://p5.music.126.net/obj/wonDlsKUwrLClGjCm8Kx/21892874340/50e6/e81d/5292/2d693cbb98954e28d4d9fdb11be99a8b.png'}, 'redplus': None, 'redVipAnnualCount': 1, 'redVipLevel': 5, 'relationType': 0}",,0,010195E542723E54555F8DD1D2680F667A71,610749919,0,å­Ÿå©†xx,http://p2.music.126.net/MBvmLgcZZ_9Xd3veM_Sqdg==/109951164404121776.jpg,0,,,11,,False,,,IPHONE,distribution,5422,iphone,NeteaseMusic 9.1.78/5422 (iPhone; iOS 18.0; zh_CN),9000001000078,2409:8a30:591:bf11:869:9ced:9e42:b6d9,9.1.78,iphone,59757,d106c3ab0ca25bb72f78182d74e1e675,18.0,,å®‰å¾½,610749919,
7438831604,R_SO_4_167827,å¥½å¬,å¥½å¬,0,2024-10-15 22:59:53,2å¤©å‰,True,0,0,False,,7437015704,False,,,0,,,,,,,,,,,,False,,,,,2,,,,[],,,False,,,,,,False,,,0,0102AFE2F7F7CB8F20EF14F28C6280CE9C91,1911340703,0,å“¼ä¸ç†ç¬¨è›‹,http://p2.music.126.net/Su7tOWu9HkaR4vPXOeL5zQ==/109951170041697783.jpg,0,,,11,,False,,,ANDROID,oppo1,241012181345,android,NeteaseMusic/9.1.78.241012181345(9001078);Dalvik/2.1.0 (Linux; U; Android 14; PJW110 Build/UKQ1.231108.001),9000001000078,2408:846a:1d00:fa8a:17fe:7251:cee4:38bd,9.1.78,android,59698,bnVsbAkwMjowMDowMDowMDowMDowMAlmYzM5NzdkNzQ2NmFkNDMwCWI0NzU3Mzg4NTI1YjU3MGM%3D,14,,è´µå·,1911340703,
7438830041,R_SO_4_167827,çœŸä¸æ˜¯å¤§ä¼™å­¤ç«‹ä½ ,,0,2024-10-15 22:59:25,2å¤©å‰,True,0,0,False,,5563902181,False,"{'id': 4009, 'imageUrl': 'http://p1.music.126.net/EIySl1gRwlc3ZqV2-RMX8Q==/109951163313154546.jpg'}",,0,,,,,,,,,,,,False,,,,,2,,,,[],,,False,,,,,,False,"{'associator': {'vipCode': 100, 'rights': True, 'iconUrl': 'https://p5.music.126.net/obj/wonDlsKUwrLClGjCm8Kx/32582187196/ecde/1b79/d752/ec1b8f20854d06bba52ed022d28871d6.png'}, 'musicPackage': {'vipCode': 220, 'rights': True, 'iconUrl': 'https://p5.music.126.net/obj/wonDlsKUwrLClGjCm8Kx/21892874340/50e6/e81d/5292/2d693cbb98954e28d4d9fdb11be99a8b.png'}, 'redplus': {'vipCode': 300, 'rights': True, 'iconUrl': 'https://p5.music.126.net/obj/wonDlsKUwrLClGjCm8Kx/32582302730/ad61/5fd7/b07e/256f9d72ab3372c84f89cbe19b5d4762.png'}, 'redVipAnnualCount': 1, 'redVipLevel': 6, 'relationType': 0}",,0,0101F9DCD7709CC538EDC14A448C6EEF6680,379572433,0,è·Œè½Limbo,http://p2.music.126.net/yy9SoaY0nr1fG-9fzJa9Vw==/109951169968236941.jpg,0,,,11,,False,,,IPHONE,distribution,5422,iphone,NeteaseMusic 9.1.78/5422 (iPhone; iOS 17.3.1; zh_CN),9000001000078,2409:8a55:dc45:6640:c21:ad8:65c:3205,9.1.78,iphone,57868,9c85a25ea38eb2f4bc7e1093beb62b03,17.3.1,,å¹¿ä¸œ,379572433,
7438832361,R_SO_4_167827,ä¸æ˜¯å“¥ä»¬ä½ ,ä¸æ˜¯å“¥ä»¬ä½ ,0,2024-10-15 22:57:54,2å¤©å‰,True,0,0,False,,5563902181,False,,,0,,,,,,,,,,,,False,,,,,2,,,,[],,,False,,,,,,False,"{'associator': {'vipCode': 100, 'rights': True, 'iconUrl': 'https://p6.music.126.net/obj/wonDlsKUwrLClGjCm8Kx/32582187192/1052/507f/a9f6/37b6f5c7730daf96a992accb35092511.png'}, 'musicPackage': {'vipCode': 220, 'rights': True, 'iconUrl': 'https://p5.music.126.net/obj/wonDlsKUwrLClGjCm8Kx/21892874340/50e6/e81d/5292/2d693cbb98954e28d4d9fdb11be99a8b.png'}, 'redplus': None, 'redVipAnnualCount': 1, 'redVipLevel': 4, 'relationType': 0}",,0,0102AE4DB183E6D5C16A5B0B64C7FEE9CC24,2126787338,0,Laojiabuyuaan7813,http://p2.music.126.net/xcs8cQJpkfVUNVRiQQaRxw==/109951169170179393.jpg,0,,,11,,False,,,ANDROID,xiaomi,241011143806,android,NeteaseMusic/9.1.71.241011143806(9001071);Dalvik/2.1.0 (Linux; U; Android 13; Mi 10 Pro Build/TKQ1.221114.001),9000001000071,2409:895a:68c:28d:f016:b2b9:e72e:24d0,9.1.71,android,39484,bnVsbAllMDpjYzpmODphMzoxMzo1Zgk0MWQwOTI0MTcyY2RkZmIwCTViMTA0YmQ3ZDdjZGM2MTE%3D,13,,å¹¿ä¸œ,2126787338,
7438788476,R_SO_4_167827,ä¸‹é›¨å¤©ï¼Œç…§é€›è¡—ï¼Œå·ç¬‘åˆ«äººèŠ±äº†è„¸,ä¸‹é›¨å¤©ï¼Œç…§é€›è¡—ï¼Œå·ç¬‘åˆ«äººèŠ±äº†è„¸,0,2024-10-15 21:50:13,2å¤©å‰,True,0,1,False,,0,False,,,0,,,,,,,,,,,,False,,,,,2,,,,[],,,False,,,,,,False,"{'associator': None, 'musicPackage': None, 'redplus': None, 'redVipAnnualCount': -1, 'redVipLevel': 0, 'relationType': 0}",,0,010041EED940091F8DA185E9064A46361709,4922447070,0,æŠ˜ææ˜Ÿ,http://p2.music.126.net/boHXJxWsIPWoVC-vBlUQOg==/109951169846635517.jpg,0,,,0,,False,,,ANDROID,huawei1,241011143806,android,NeteaseMusic/9.1.71.241011143806(9001071);Dalvik/2.1.0 (Linux; U; Android 12; ANG-AN00 Build/HUAWEIANG-AN00),9000001000071,220.205.252.13,9.1.71,android,58360,bnVsbAkwMjowMDowMDowMDowMDowMAk5NGY5MzY1YTZkNjVjN2QwCTc5YmYwNmRkM2ZmYTkxOGQ%3D,12,,å®‰å¾½,4922447070,
7438705429,R_SO_4_167827,æ¥å•¦,æ¥å•¦,0,2024-10-15 19:46:18,2å¤©å‰,True,0,0,False,,7437015704,False,"{'id': 34000, 'imageUrl': 'http://p1.music.126.net/CCO4_reQNGaCOqgfEuDcdA==/109951164260943792.jpg'}",,0,,,,,,,,,,,,False,,,,,2,,,,[],,,False,,,,,,False,"{'associator': {'vipCode': 100, 'rights': True, 'iconUrl': 'https://p6.music.126.net/obj/wonDlsKUwrLClGjCm8Kx/32582188103/1854/6c02/1504/df5815d7c9784ad27e150a951f70ec39.png'}, 'musicPackage': {'vipCode': 220, 'rights': True, 'iconUrl': 'https://p5.music.126.net/obj/wonDlsKUwrLClGjCm8Kx/21892874340/50e6/e81d/5292/2d693cbb98954e28d4d9fdb11be99a8b.png'}, 'redplus': None, 'redVipAnnualCount': -1, 'redVipLevel': 2, 'relationType': 0}",,0,01028CD4B6C50F670E5D47A6B2F8DCE6D110,8678056484,0,å¤è¾é›¾,http://p2.music.126.net/th9i5yD9z2_Eh0caRjCp7w==/109951170044299002.jpg,0,,,11,,False,,,ANDROID,huawei1,241012181345,android,NeteaseMusic/9.1.78.241012181345(9001078);Dalvik/2.1.0 (Linux; U; Android 12; MRR-W29 Build/HUAWEIMRR-W29),9000001000078,2408:8214:4f16:6900:3181:7b76:efdd:715a,9.1.78,android,37420,bnVsbAlhMjplNzo4ZDoyYzo5ZjpkZAk1NTJhNjgwMjFkMTU4MGVlCTVjYWRmNDQ0OTRkZWUwZjQ%3D,12,,å±±ä¸œ,8678056484,
7438681466,R_SO_4_167827,å¥½å¬,,0,2024-10-15 19:05:24,2å¤©å‰,True,0,0,False,,0,False,,,0,,,,,,,,,,,,False,,,,,2,,,,[],,,False,,,,,,False,"{'associator': None, 'musicPackage': None, 'redplus': None, 'redVipAnnualCount': -1, 'redVipLevel': 0, 'relationType': 0}",,0,010017D6082626D9EB1592BEA8B9AFF45F31,1436920809,0,Yannnnyaa_,http://p2.music.126.net/5gbsXizRNm4VrrdWknG46g==/109951170041216811.jpg,0,,,0,,False,,,IPHONE,distribution,5042@jsk,iphone,NeteaseMusic 9.0.95/5042 (iPhone; iOS 17.2; zh_CN),9000000000095,27.47.93.90,9.0.95,iphone,6325,10c34cb3c890a5939ef282707f282375,17.2,,å¹¿ä¸œ,1436920809,
7438626626,R_SO_4_167827,ç ”ç©¶ç”Ÿç ´é˜²æ›²[æµæ³ª][æµæ³ª],,0,2024-10-15 17:44:26,2å¤©å‰,True,3,0,False,,0,False,,,0,,,,,,,,,,,,False,,,,,2,,,,[],,,False,,,,,,False,"{'associator': None, 'musicPackage': None, 'redplus': None, 'redVipAnnualCount': -1, 'redVipLevel': 0, 'relationType': 0}",,0,01017F0EC0B1712656600A035A52006B0221,1961370049,0,-ä¹æ€¡-,http://p2.music.126.net/CbQTz2sOTEVKczQouLj9iQ==/109951169926303525.jpg,0,,,0,,False,,,IPHONE,distribution,5234@jsk,iphone,NeteaseMusic 9.1.40/5234 (iPhone; iOS 17.5.1; en_CN),9000001000040,2403:d400:1000:12:b849:1b85:1a4d:d421,9.1.40,iphone,56674,96ccf83126f52037fd00281367f29de9,17.5.1,,ä¸Šæµ·,1961370049,
7438618805,R_SO_4_167827,ä½ å¥½å‘€å°å§å§ æˆ‘è§‰å¾—ä½ çš„å¤´åƒå¥½å¥½çœ‹ ä½†æ˜¯ä¸ºä»€ä¹ˆæœ‰æ°´å°å‘€ï¼Ÿæ‰€ä»¥æˆ‘æ‰¾è½¯ä»¶å»æ°´å°å•¦ï¼ æˆ‘çœŸçš„å¥½å–œæ¬¢è¿™ä¸ªå¤´åƒå‘€ è°¢è°¢å§å§ å¸Œæœ›ä½ è¿˜å¯ä»¥å‘æˆ‘ä¸€äº›è¿™ç§çš„ ç„¶åä¸è¦å¸¦æ°´å°å“Ÿ ä¸ç„¶åƒæ˜¯æˆ‘ç›—å›¾ä¸€æ ·å•¦ è€Œä¸”è¿™ä¸ªæ°´å°å¥½ä¸‘å‘€ è½¯ä»¶å»æ°´å°éƒ½èŠ±äº†å¥½é•¿æ—¶é—´ æ‰€ä»¥ä½ å‘çš„å¤´åƒä¸è¦å¸¦æ°´å°å•¦ æˆ‘çœ‹ä½ ä½œå“ä½ çš„å¤´åƒè¿˜æœ‰å…¶ä»–,ä½ å¥½å‘€å°å§å§ æˆ‘è§‰å¾—ä½ çš„å¤´åƒå¥½å¥½çœ‹ ä½†æ˜¯ä¸ºä»€ä¹ˆæœ‰æ°´å°å‘€ï¼Ÿæ‰€ä»¥æˆ‘æ‰¾è½¯ä»¶å»æ°´å°å•¦ï¼ æˆ‘çœŸçš„å¥½å–œæ¬¢è¿™ä¸ªå¤´åƒå‘€ è°¢è°¢å§å§ å¸Œæœ›ä½ è¿˜å¯ä»¥å‘æˆ‘ä¸€äº›è¿™ç§çš„ ç„¶åä¸è¦å¸¦æ°´å°å“Ÿ ä¸ç„¶åƒæ˜¯æˆ‘ç›—å›¾ä¸€æ ·å•¦ è€Œä¸”è¿™ä¸ªæ°´å°å¥½ä¸‘å‘€ è½¯ä»¶å»æ°´å°éƒ½èŠ±äº†å¥½é•¿æ—¶é—´ æ‰€ä»¥ä½ å‘çš„å¤´åƒä¸è¦å¸¦æ°´å°å•¦ æˆ‘çœ‹ä½ ä½œå“ä½ çš„å¤´åƒè¿˜æœ‰å…¶ä»–,0,2024-10-15 17:25:51,2å¤©å‰,True,1,0,False,,6123265795,False,"{'id': 4000, 'imageUrl': 'http://p1.music.126.net/xE4CwIWXUkwvf-h9Jo5sQw==/109951163313111359.jpg'}",,0,,,,,,,,,,,,False,,,,,2,,,,[],,,False,,,,,,False,,,0,010156DD31B4A8BCB06CA6E146836C16BC86,7812315328,0,é¹¿é‡å¥ˆå­ä¸¶,http://p2.music.126.net/zSIEOMCVxQoXsMCqO5bRXQ==/109951170048325798.jpg,0,,,11,,False,,,ANDROID,oppo1,241012181345,android,NeteaseMusic/9.1.78.241012181345(9001078);Dalvik/2.1.0 (Linux; U; Android 14; PGGM10 Build/UKQ1.230924.001),9000001000078,2408:8956:8440:2d1f:c818:2675:b2:9f0e,9.1.78,android,40192,bnVsbAkwMjowMDowMDowMDowMDowMAkxNWI1ZTc0YTMxOGQ5ZmIyCWJkYTdmYmQ0NGQ2NDlhNmU%3D,14,,å¹¿ä¸œ,7812315328,
7438617233,R_SO_4_167827,çš‡å¸é©¾åˆ°ğŸ˜,çš‡å¸é©¾åˆ°ğŸ˜,0,2024-10-15 17:24:28,2å¤©å‰,True,0,0,False,,6123265795,False,"{'id': 4000, 'imageUrl': 'http://p1.music.126.net/xE4CwIWXUkwvf-h9Jo5sQw==/109951163313111359.jpg'}",,0,,,,,,,,,,,,False,,,,,2,,,,[],,,False,,,,,,False,,,0,010156DD31B4A8BCB06CA6E146836C16BC86,7812315328,0,é¹¿é‡å¥ˆå­ä¸¶,http://p2.music.126.net/zSIEOMCVxQoXsMCqO5bRXQ==/109951170048325798.jpg,0,,,11,,False,,,ANDROID,oppo1,241012181345,android,NeteaseMusic/9.1.78.241012181345(9001078);Dalvik/2.1.0 (Linux; U; Android 14; PGGM10 Build/UKQ1.230924.001),9000001000078,2408:8956:8440:2d1f:c818:2675:b2:9f0e,9.1.78,android,40192,bnVsbAkwMjowMDowMDowMDowMDowMAkxNWI1ZTc0YTMxOGQ5ZmIyCWJkYTdmYmQ0NGQ2NDlhNmU%3D,14,,å¹¿ä¸œ,7812315328,
7438614497,R_SO_4_167827,å¥½å¬,å¥½å¬,0,2024-10-15 17:09:42,2å¤©å‰,True,0,0,False,,0,False,,,0,,,,,,,,,,,,False,,,,,2,,,,[],,,False,,,,,,False,"{'associator': None, 'musicPackage': None, 'redplus': None, 'redVipAnnualCount': -1, 'redVipLevel': 0, 'relationType': 0}",,0,0101276426ACDD20521F12AAFE4D859D82D9,1825059052,0,æ˜Ÿçœ¸å°‘å¹´ç”°æŸ¾å›½,http://p2.music.126.net/eO-rzInl4HXTFmoEM1zOkw==/109951170027074558.jpg,0,,,0,,False,,,ANDROID,xiaomi,240927205906,android,NeteaseMusic/9.1.71.241010101026(9001071);Dalvik/2.1.0 (Linux; U; Android 14; 23127PN0CC Build/UKQ1.230804.001),9000001000071,121.237.111.90,9.1.71,android,38329,bnVsbAkwMjowMDowMDowMDowMDowMAlkMmQ3Y2EwNWE4Mjk1OGUxCTVmNWI2OTdlMzcyMjhhMzI%3D,14,,æ±Ÿè‹,1825059052,
